1,MedicalService1,true,4.0,1.445850997681E12,8.0
1,AlarmService2,true,12.0,1.445850997702E12,5.0
1,AssistanceService,true,16.0

2,AlarmService2,true,12.0,1.445850997718E12,6.0
2,AssistanceService,true,12.0

3,AlarmService1,true,4.0,1.445850997733E12,5.0
3,AssistanceService,true,4.0

4,AlarmService2,true,12.0,1.445850997745E12,7.0
4,AssistanceService,true,12.0

5,AlarmService1,true,4.0,1.445850997758E12,4.0
5,AssistanceService,true,4.0

6,MedicalService2,true,14.0,1.445850997768E12,5.0
6,DrugService,true,5.0,1.445850997794E12,5.0
6,AssistanceService,true,19.0

7,MedicalService3,true,2.15,1.445850997805E12,5.0
7,DrugService,true,5.0,1.44585099781E12,4.0
7,AssistanceService,true,7.15

8,MedicalService1,true,4.0,1.44585099782E12,4.0
8,DrugService,true,5.0,1.445850997831E12,3.0
8,AssistanceService,true,9.0

9,MedicalService1,true,4.0,1.44585099784E12,4.0
9,DrugService,true,5.0,1.445850997844E12,6.0
9,AssistanceService,true,9.0

10,MedicalService2,true,14.0,1.445850997855E12,4.0
10,AlarmService2,true,12.0,1.445850997859E12,4.0
10,AssistanceService,true,26.0

11,AlarmService2,true,12.0,1.445850997868E12,4.0
11,AssistanceService,true,12.0

12,MedicalService2,true,14.0,1.445850997877E12,4.0
12,AlarmService3,true,2.0,1.445850997881E12,4.0
12,AssistanceService,true,16.0

13,MedicalService1,true,4.0,1.445850997891E12,3.0
13,DrugService,true,5.0,1.445850997894E12,4.0
13,AssistanceService,true,9.0

14,MedicalService2,true,14.0,1.445850997903E12,4.0
14,AlarmService1,true,4.0,1.445850997907E12,3.0
14,AssistanceService,true,18.0

15,AlarmService3,false
15,AssistanceService,false,0.0

16,MedicalService2,true,14.0,1.445850998936E12,15.0
16,DrugService,true,5.0,1.445850998951E12,12.0
16,AssistanceService,true,19.0

17,MedicalService3,true,2.15,1.445850998969E12,3.0
17,AlarmService2,true,12.0,1.445850998972E12,4.0
17,AssistanceService,true,14.15

18,MedicalService2,true,14.0,1.44585099899E12,5.0
18,AlarmService3,true,2.0,1.445850998995E12,4.0
18,AssistanceService,true,16.0

19,MedicalService3,false
19,AssistanceService,false,0.0

20,MedicalService1,true,4.0,1.445851000021E12,11.0
20,DrugService,true,5.0,1.445851000032E12,9.0
20,AssistanceService,true,9.0

21,AlarmService1,true,4.0,1.445851000046E12,4.0
21,AssistanceService,true,4.0

22,MedicalService2,true,14.0,1.445851000055E12,4.0
22,AlarmService2,false
22,AssistanceService,false,14.0

23,MedicalService1,true,4.0,1.445851001079E12,13.0
23,DrugService,true,5.0,1.445851001092E12,7.0
23,AssistanceService,true,9.0

24,MedicalService1,true,4.0,1.445851001108E12,7.0
24,DrugService,true,5.0,1.445851001115E12,8.0
24,AssistanceService,true,9.0

25,MedicalService3,true,2.15,1.445851001131E12,7.0
25,DrugService,true,5.0,1.445851001138E12,6.0
25,AssistanceService,true,7.15

26,AlarmService3,true,2.0,1.445851001153E12,6.0
26,AssistanceService,true,2.0

27,AlarmService3,false
27,AssistanceService,false,0.0

28,MedicalService3,false
28,AssistanceService,false,0.0

29,MedicalService1,true,4.0,1.44585100321E12,18.0
29,AlarmService1,true,4.0,1.445851003228E12,7.0
29,AssistanceService,true,8.0

30,MedicalService1,false
30,AssistanceService,false,0.0

31,AlarmService1,true,4.0,1.44585100428E12,3.0
31,AssistanceService,true,4.0

32,MedicalService1,true,4.0,1.445851004288E12,4.0
32,AlarmService2,true,12.0,1.445851004292E12,3.0
32,AssistanceService,true,16.0

33,MedicalService3,true,2.15,1.445851004301E12,4.0
33,DrugService,true,5.0,1.445851004305E12,11.0
33,AssistanceService,true,7.15

34,MedicalService1,true,4.0,1.445851004325E12,9.0
34,DrugService,true,5.0,1.445851004334E12,4.0
34,AssistanceService,true,9.0

35,AlarmService2,true,12.0,1.445851004344E12,6.0
35,AssistanceService,true,12.0

36,MedicalService2,true,14.0,1.445851004355E12,4.0
36,DrugService,true,5.0,1.445851004359E12,4.0
36,AssistanceService,true,19.0

37,MedicalService3,true,2.15,1.445851004368E12,3.0
37,DrugService,true,5.0,1.445851004371E12,4.0
37,AssistanceService,true,7.15

38,MedicalService1,true,4.0,1.445851004381E12,3.0
38,AlarmService2,true,12.0,1.445851004384E12,3.0
38,AssistanceService,true,16.0

39,MedicalService2,true,14.0,1.445851004392E12,4.0
39,DrugService,true,5.0,1.445851004396E12,3.0
39,AssistanceService,true,19.0

40,MedicalService3,true,2.15,1.445851004403E12,4.0
40,AlarmService3,false
40,AssistanceService,false,2.15

41,AlarmService1,true,4.0,1.445851005482E12,11.0
41,AssistanceService,true,4.0

42,MedicalService3,true,2.15,1.445851005505E12,7.0
42,DrugService,true,5.0,1.445851005512E12,8.0
42,AssistanceService,true,7.15

43,MedicalService1,true,4.0,1.44585100553E12,4.0
43,DrugService,true,5.0,1.445851005534E12,4.0
43,AssistanceService,true,9.0

44,AlarmService3,true,2.0,1.445851005542E12,4.0
44,AssistanceService,true,2.0

45,AlarmService3,true,2.0,1.445851005551E12,4.0
45,AssistanceService,true,2.0

46,MedicalService2,false
46,AssistanceService,false,0.0

47,MedicalService1,true,4.0,1.445851006573E12,6.0
47,DrugService,true,5.0,1.445851006579E12,6.0
47,AssistanceService,true,9.0

48,MedicalService1,true,4.0,1.445851006595E12,7.0
48,AlarmService1,true,4.0,1.445851006602E12,5.0
48,AssistanceService,true,8.0

49,MedicalService2,true,14.0,1.445851006614E12,3.0
49,DrugService,true,5.0,1.445851006617E12,4.0
49,AssistanceService,true,19.0

50,AlarmService3,true,2.0,1.445851006627E12,3.0
50,AssistanceService,true,2.0

51,MedicalService1,true,4.0,1.445851006635E12,4.0
51,DrugService,true,5.0,1.445851006639E12,3.0
51,AssistanceService,true,9.0

52,MedicalService1,true,4.0,1.445851006648E12,4.0
52,DrugService,true,5.0,1.445851006652E12,9.0
52,AssistanceService,true,9.0

53,MedicalService2,true,14.0,1.445851006668E12,3.0
53,DrugService,true,5.0,1.445851006671E12,3.0
53,AssistanceService,true,19.0

54,MedicalService2,true,14.0,1.445851006685E12,4.0
54,AlarmService2,true,12.0,1.445851006689E12,4.0
54,AssistanceService,true,26.0

55,MedicalService1,true,4.0,1.4458510067E12,4.0
55,AlarmService2,true,12.0,1.445851006704E12,4.0
55,AssistanceService,true,16.0

56,AlarmService3,true,2.0,1.445851006715E12,4.0
56,AssistanceService,true,2.0

57,MedicalService1,true,4.0,1.445851006725E12,6.0
57,DrugService,true,5.0,1.445851006731E12,3.0
57,AssistanceService,true,9.0

58,MedicalService2,true,14.0,1.445851006739E12,4.0
58,DrugService,true,5.0,1.445851006743E12,5.0
58,AssistanceService,true,19.0

59,MedicalService3,false
59,AssistanceService,false,0.0

60,AlarmService2,true,12.0,1.445851007761E12,4.0
60,AssistanceService,true,12.0

61,MedicalService2,true,14.0,1.445851007775E12,6.0
61,DrugService,true,5.0,1.445851007781E12,4.0
61,AssistanceService,true,19.0

62,AlarmService1,true,4.0,1.44585100779E12,3.0
62,AssistanceService,true,4.0

63,MedicalService1,true,4.0,1.445851007798E12,3.0
63,DrugService,true,5.0,1.445851007801E12,4.0
63,AssistanceService,true,9.0

64,MedicalService2,true,14.0,1.445851007811E12,4.0
64,DrugService,true,5.0,1.445851007815E12,4.0
64,AssistanceService,true,19.0

65,MedicalService1,true,4.0,1.445851007825E12,3.0
65,AlarmService1,true,4.0,1.445851007829E12,3.0
65,AssistanceService,true,8.0

66,MedicalService2,true,14.0,1.445851007838E12,8.0
66,DrugService,true,5.0,1.445851007846E12,4.0
66,AssistanceService,true,19.0

67,AlarmService3,true,2.0,1.445851007855E12,4.0
67,AssistanceService,true,2.0

68,MedicalService2,false
68,AssistanceService,false,0.0

69,MedicalService3,true,2.15,1.445851008934E12,14.0
69,DrugService,true,5.0,1.445851008948E12,7.0
69,AssistanceService,true,7.15

70,MedicalService1,true,4.0,1.445851008963E12,5.0
70,DrugService,true,5.0,1.445851008968E12,5.0
70,AssistanceService,true,9.0

71,MedicalService3,true,2.15,1.44585100898E12,4.0
71,AlarmService1,true,4.0,1.445851008984E12,3.0
71,AssistanceService,true,6.15

72,AlarmService3,true,2.0,1.445851008993E12,4.0
72,AssistanceService,true,2.0

73,MedicalService3,false
73,AssistanceService,false,0.0

74,MedicalService1,false
74,AssistanceService,false,0.0

75,MedicalService1,true,4.0,1.44585101105E12,7.0
75,DrugService,true,5.0,1.445851011057E12,5.0
75,AssistanceService,true,9.0

76,MedicalService3,true,2.15,1.44585101107E12,7.0
76,DrugService,true,5.0,1.445851011077E12,5.0
76,AssistanceService,true,7.15

77,MedicalService3,true,2.15,1.445851011087E12,4.0
77,AlarmService3,true,2.0,1.445851011091E12,4.0
77,AssistanceService,true,4.15

78,MedicalService3,true,2.15,1.4458510111E12,4.0
78,DrugService,true,5.0,1.445851011104E12,8.0
78,AssistanceService,true,7.15

79,AlarmService3,true,2.0,1.445851011117E12,4.0
79,AssistanceService,true,2.0

80,MedicalService1,true,4.0,1.445851011127E12,4.0
80,AlarmService2,true,12.0,1.445851011131E12,3.0
80,AssistanceService,true,16.0

81,AlarmService3,true,2.0,1.445851011139E12,4.0
81,AssistanceService,true,2.0

82,MedicalService3,false
82,AssistanceService,false,0.0

83,MedicalService1,true,4.0,1.445851012173E12,14.0
83,AlarmService1,true,4.0,1.445851012188E12,7.0
83,AssistanceService,true,8.0

84,MedicalService2,false
84,AssistanceService,false,0.0

85,MedicalService3,true,2.15,1.445851013225E12,16.0
85,DrugService,true,5.0,1.445851013241E12,5.0
85,AssistanceService,true,7.15

86,MedicalService2,true,14.0,1.445851013253E12,5.0
86,DrugService,true,5.0,1.445851013258E12,5.0
86,AssistanceService,true,19.0

87,MedicalService1,true,4.0,1.445851013269E12,5.0
87,DrugService,true,5.0,1.445851013274E12,4.0
87,AssistanceService,true,9.0

88,MedicalService2,true,14.0,1.445851013283E12,3.0
88,DrugService,true,5.0,1.445851013286E12,5.0
88,AssistanceService,true,19.0

89,MedicalService3,true,2.15,1.445851013296E12,5.0
89,DrugService,true,5.0,1.445851013301E12,4.0
89,AssistanceService,true,7.15

90,MedicalService3,true,2.15,1.445851013312E12,8.0
90,AlarmService3,true,2.0,1.44585101332E12,14.0
90,AssistanceService,true,4.15

91,MedicalService1,false
91,AssistanceService,false,0.0

92,MedicalService1,true,4.0,1.445851014361E12,6.0
92,AlarmService3,true,2.0,1.445851014367E12,4.0
92,AssistanceService,true,6.0

93,AlarmService2,true,12.0,1.445851014377E12,4.0
93,AssistanceService,true,12.0

94,AlarmService1,true,4.0,1.445851014386E12,4.0
94,AssistanceService,true,4.0

95,MedicalService2,true,14.0,1.445851014395E12,4.0
95,DrugService,true,5.0,1.445851014399E12,3.0
95,AssistanceService,true,19.0

96,AlarmService2,true,12.0,1.445851014407E12,4.0
96,AssistanceService,true,12.0

97,AlarmService3,true,2.0,1.445851014417E12,4.0
97,AssistanceService,true,2.0

98,AlarmService3,false
98,AssistanceService,false,0.0

99,MedicalService2,true,14.0,1.445851015433E12,4.0
99,DrugService,true,5.0,1.445851015437E12,3.0
99,AssistanceService,true,19.0

100,MedicalService3,true,2.15,1.445851015445E12,3.0
100,DrugService,true,5.0,1.445851015448E12,4.0
100,AssistanceService,true,7.15

101,MedicalService2,true,14.0,1.445851015457E12,4.0
101,AlarmService3,true,2.0,1.445851015461E12,3.0
101,AssistanceService,true,16.0

102,MedicalService2,false
102,AssistanceService,false,0.0

103,AlarmService1,true,4.0,1.445851016475E12,9.0
103,AssistanceService,true,4.0

104,MedicalService1,true,4.0,1.445851016492E12,3.0
104,DrugService,true,5.0,1.445851016495E12,4.0
104,AssistanceService,true,9.0

105,MedicalService1,true,4.0,1.445851016504E12,4.0
105,DrugService,true,5.0,1.445851016508E12,4.0
105,AssistanceService,true,9.0

106,MedicalService1,true,4.0,1.445851016517E12,4.0
106,DrugService,true,5.0,1.445851016521E12,4.0
106,AssistanceService,true,9.0

107,MedicalService3,false
107,AssistanceService,false,0.0

108,MedicalService1,false
108,AssistanceService,false,0.0

109,MedicalService2,false
109,AssistanceService,false,0.0

110,MedicalService2,true,14.0,1.445851019601E12,7.0
110,DrugService,true,5.0,1.445851019608E12,6.0
110,AssistanceService,true,19.0

111,MedicalService3,true,2.15,1.445851019652E12,4.0
111,DrugService,true,5.0,1.445851019657E12,4.0
111,AssistanceService,true,7.15

112,MedicalService1,true,4.0,1.445851019669E12,4.0
112,DrugService,true,5.0,1.445851019673E12,4.0
112,AssistanceService,true,9.0

113,MedicalService2,false
113,AssistanceService,false,0.0

114,MedicalService2,true,14.0,1.445851020701E12,12.0
114,DrugService,true,5.0,1.445851020713E12,13.0
114,AssistanceService,true,19.0

115,AlarmService2,true,12.0,1.445851020749E12,8.0
115,AssistanceService,true,12.0

116,MedicalService2,true,14.0,1.445851020767E12,6.0
116,AlarmService2,true,12.0,1.445851020773E12,5.0
116,AssistanceService,true,26.0

117,MedicalService1,true,4.0,1.445851020786E12,6.0
117,DrugService,true,5.0,1.445851020792E12,5.0
117,AssistanceService,true,9.0

118,MedicalService1,true,4.0,1.445851020803E12,4.0
118,DrugService,true,5.0,1.445851020807E12,4.0
118,AssistanceService,true,9.0

119,MedicalService2,true,14.0,1.445851020816E12,4.0
119,DrugService,true,5.0,1.44585102082E12,4.0
119,AssistanceService,true,19.0

120,AlarmService1,true,4.0,1.445851020829E12,4.0
120,AssistanceService,true,4.0

121,AlarmService1,true,4.0,1.445851020838E12,4.0
121,AssistanceService,true,4.0

122,MedicalService3,true,2.15,1.445851020847E12,4.0
122,DrugService,true,5.0,1.445851020851E12,5.0
122,AssistanceService,true,7.15

123,MedicalService3,true,2.15,1.445851020861E12,4.0
123,AlarmService2,true,12.0,1.445851020865E12,4.0
123,AssistanceService,true,14.15

124,MedicalService3,true,2.15,1.445851020875E12,3.0
124,DrugService,true,5.0,1.445851020878E12,4.0
124,AssistanceService,true,7.15

125,MedicalService2,true,14.0,1.445851020889E12,6.0
125,AlarmService3,true,2.0,1.445851020895E12,4.0
125,AssistanceService,true,16.0

126,AlarmService1,true,4.0,1.445851020904E12,5.0
126,AssistanceService,true,4.0

127,MedicalService2,false
127,AssistanceService,false,0.0

128,MedicalService2,true,14.0,1.445851021942E12,6.0
128,DrugService,true,5.0,1.445851021948E12,8.0
128,AssistanceService,true,19.0

129,MedicalService3,true,2.15,1.445851021964E12,7.0
129,DrugService,true,5.0,1.445851021972E12,6.0
129,AssistanceService,true,7.15

130,MedicalService1,true,4.0,1.445851021989E12,6.0
130,DrugService,true,5.0,1.445851021996E12,6.0
130,AssistanceService,true,9.0

131,MedicalService2,false
131,AssistanceService,false,0.0

132,MedicalService3,true,2.15,1.445851023024E12,11.0
132,AlarmService1,true,4.0,1.445851023036E12,11.0
132,AssistanceService,true,6.15

133,MedicalService2,true,14.0,1.445851023058E12,9.0
133,AlarmService2,true,12.0,1.445851023067E12,10.0
133,AssistanceService,true,26.0

134,MedicalService3,true,2.15,1.445851023084E12,5.0
134,AlarmService1,true,4.0,1.445851023089E12,4.0
134,AssistanceService,true,6.15

135,MedicalService1,true,4.0,1.445851023098E12,4.0
135,AlarmService2,true,12.0,1.445851023102E12,4.0
135,AssistanceService,true,16.0

136,MedicalService1,true,4.0,1.445851023112E12,4.0
136,DrugService,true,5.0,1.445851023116E12,4.0
136,AssistanceService,true,9.0

137,MedicalService1,true,4.0,1.445851023126E12,4.0
137,AlarmService2,true,12.0,1.44585102313E12,4.0
137,AssistanceService,true,16.0

138,MedicalService2,true,14.0,1.445851023139E12,4.0
138,DrugService,true,5.0,1.445851023143E12,4.0
138,AssistanceService,true,19.0

139,AlarmService3,true,2.0,1.445851023152E12,3.0
139,AssistanceService,true,2.0

140,MedicalService3,false
140,AssistanceService,false,0.0

141,MedicalService2,true,14.0,1.445851024179E12,4.0
141,DrugService,true,5.0,1.445851024184E12,3.0
141,AssistanceService,true,19.0

142,MedicalService1,true,4.0,1.445851024192E12,5.0
142,DrugService,true,5.0,1.445851024197E12,6.0
142,AssistanceService,true,9.0

143,MedicalService1,true,4.0,1.445851024209E12,4.0
143,DrugService,true,5.0,1.445851024213E12,4.0
143,AssistanceService,true,9.0

144,AlarmService1,true,4.0,1.445851024222E12,4.0
144,AssistanceService,true,4.0

145,MedicalService3,true,2.15,1.445851024231E12,4.0
145,AlarmService1,true,4.0,1.445851024235E12,4.0
145,AssistanceService,true,6.15

146,MedicalService2,true,14.0,1.445851024245E12,5.0
146,DrugService,true,5.0,1.44585102425E12,5.0
146,AssistanceService,true,19.0

147,AlarmService2,false
147,AssistanceService,false,0.0

148,MedicalService3,true,2.15,1.445851025388E12,5.0
148,AlarmService2,true,12.0,1.445851025393E12,4.0
148,AssistanceService,true,14.15

149,MedicalService3,true,2.15,1.445851025404E12,4.0
149,DrugService,true,5.0,1.445851025408E12,4.0
149,AssistanceService,true,7.15

150,MedicalService1,true,4.0,1.445851025419E12,4.0
150,AlarmService1,true,4.0,1.445851025423E12,4.0
150,AssistanceService,true,8.0

151,AlarmService3,true,2.0,1.445851025433E12,4.0
151,AssistanceService,true,2.0

152,MedicalService1,false
152,AssistanceService,false,0.0

153,MedicalService1,true,4.0,1.445851026471E12,7.0
153,DrugService,true,5.0,1.445851026478E12,5.0
153,AssistanceService,true,9.0

154,MedicalService2,true,14.0,1.445851026492E12,5.0
154,DrugService,true,5.0,1.445851026497E12,6.0
154,AssistanceService,true,19.0

155,MedicalService2,false
155,AssistanceService,false,0.0

156,MedicalService2,true,14.0,1.445851027518E12,6.0
156,DrugService,true,5.0,1.445851027524E12,4.0
156,AssistanceService,true,19.0

157,AlarmService1,true,4.0,1.445851027533E12,5.0
157,AssistanceService,true,4.0

158,AlarmService2,true,12.0,1.445851027543E12,3.0
158,AssistanceService,true,12.0

159,AlarmService2,true,12.0,1.445851027552E12,4.0
159,AssistanceService,true,12.0

160,MedicalService1,true,4.0,1.445851027561E12,5.0
160,DrugService,true,5.0,1.445851027566E12,4.0
160,AssistanceService,true,9.0

161,MedicalService2,true,14.0,1.445851027576E12,3.0
161,DrugService,true,5.0,1.445851027579E12,5.0
161,AssistanceService,true,19.0

162,AlarmService3,true,2.0,1.445851027589E12,3.0
162,AssistanceService,true,2.0

163,MedicalService3,true,2.15,1.445851027598E12,4.0
163,DrugService,true,5.0,1.445851027602E12,4.0
163,AssistanceService,true,7.15

164,AlarmService2,true,12.0,1.445851027611E12,5.0
164,AssistanceService,true,12.0

165,MedicalService3,false
165,AssistanceService,false,0.0

166,MedicalService1,true,4.0,1.445851028645E12,17.0
166,DrugService,true,5.0,1.445851028662E12,7.0
166,AssistanceService,true,9.0

167,MedicalService1,true,4.0,1.445851028675E12,5.0
167,AlarmService1,false
167,AssistanceService,false,4.0

168,AlarmService3,true,2.0,1.445851029702E12,11.0
168,AssistanceService,true,2.0

169,AlarmService2,true,12.0,1.445851029722E12,5.0
169,AssistanceService,true,12.0

170,MedicalService3,true,2.15,1.445851029734E12,5.0
170,DrugService,true,5.0,1.445851029739E12,4.0
170,AssistanceService,true,7.15

171,MedicalService2,true,14.0,1.44585102975E12,6.0
171,DrugService,true,5.0,1.445851029756E12,4.0
171,AssistanceService,true,19.0

172,MedicalService2,false
172,AssistanceService,false,0.0

173,MedicalService2,true,14.0,1.445851030789E12,8.0
173,DrugService,true,5.0,1.445851030797E12,8.0
173,AssistanceService,true,19.0

174,MedicalService2,true,14.0,1.445851030814E12,7.0
174,AlarmService2,true,12.0,1.445851030821E12,5.0
174,AssistanceService,true,26.0

175,MedicalService3,true,2.15,1.445851030831E12,5.0
175,DrugService,true,5.0,1.445851030836E12,3.0
175,AssistanceService,true,7.15

176,AlarmService3,true,2.0,1.445851030844E12,4.0
176,AssistanceService,true,2.0

177,MedicalService2,true,14.0,1.445851030858E12,5.0
177,DrugService,true,5.0,1.445851030863E12,6.0
177,AssistanceService,true,19.0

178,MedicalService1,true,4.0,1.445851030875E12,4.0
178,AlarmService2,true,12.0,1.445851030879E12,4.0
178,AssistanceService,true,16.0

179,MedicalService1,true,4.0,1.445851030889E12,4.0
179,DrugService,true,5.0,1.445851030893E12,4.0
179,AssistanceService,true,9.0

180,AlarmService2,true,12.0,1.445851030902E12,4.0
180,AssistanceService,true,12.0

181,MedicalService2,true,14.0,1.44585103091E12,5.0
181,DrugService,true,5.0,1.445851030915E12,4.0
181,AssistanceService,true,19.0

182,MedicalService2,true,14.0,1.445851030925E12,5.0
182,DrugService,true,5.0,1.44585103093E12,5.0
182,AssistanceService,true,19.0

183,MedicalService2,true,14.0,1.44585103094E12,4.0
183,AlarmService1,true,4.0,1.445851030944E12,5.0
183,AssistanceService,true,18.0

184,MedicalService3,true,2.15,1.445851030955E12,4.0
184,DrugService,true,5.0,1.445851030959E12,4.0
184,AssistanceService,true,7.15

185,MedicalService1,true,4.0,1.445851030968E12,4.0
185,DrugService,true,5.0,1.445851030972E12,5.0
185,AssistanceService,true,9.0

186,MedicalService3,true,2.15,1.445851030983E12,4.0
186,AlarmService3,false
186,AssistanceService,false,2.15

187,AlarmService1,true,4.0,1.445851032005E12,13.0
187,AssistanceService,true,4.0

188,MedicalService3,true,2.15,1.445851032036E12,13.0
188,DrugService,true,5.0,1.445851032049E12,7.0
188,AssistanceService,true,7.15

189,MedicalService2,true,14.0,1.445851032073E12,7.0
189,AlarmService1,true,4.0,1.44585103208E12,5.0
189,AssistanceService,true,18.0

190,AlarmService2,true,12.0,1.445851032091E12,4.0
190,AssistanceService,true,12.0

191,AlarmService3,false
191,AssistanceService,false,0.0

192,MedicalService3,true,2.15,1.445851033111E12,10.0
192,DrugService,true,5.0,1.445851033121E12,7.0
192,AssistanceService,true,7.15

193,MedicalService3,true,2.15,1.445851033135E12,4.0
193,DrugService,true,5.0,1.445851033139E12,5.0
193,AssistanceService,true,7.15

194,AlarmService2,true,12.0,1.445851033149E12,4.0
194,AssistanceService,true,12.0

195,AlarmService3,true,2.0,1.445851033158E12,5.0
195,AssistanceService,true,2.0

196,MedicalService3,true,2.15,1.445851033168E12,4.0
196,AlarmService3,true,2.0,1.445851033172E12,4.0
196,AssistanceService,true,4.15

197,MedicalService1,true,4.0,1.445851033181E12,4.0
197,DrugService,true,5.0,1.445851033185E12,4.0
197,AssistanceService,true,9.0

198,MedicalService3,true,2.15,1.445851033195E12,4.0
198,DrugService,true,5.0,1.445851033199E12,4.0
198,AssistanceService,true,7.15

199,MedicalService3,false
199,AssistanceService,false,0.0

200,MedicalService3,true,2.15,1.445851034229E12,12.0
200,AlarmService2,true,12.0,1.445851034241E12,7.0
200,AssistanceService,true,14.15

201,MedicalService3,true,2.15,1.445851034256E12,5.0
201,DrugService,true,5.0,1.445851034261E12,13.0
201,AssistanceService,true,7.15

202,AlarmService2,true,12.0,1.445851034279E12,4.0
202,AssistanceService,true,12.0

203,MedicalService2,true,14.0,1.445851034288E12,4.0
203,DrugService,true,5.0,1.445851034292E12,4.0
203,AssistanceService,true,19.0

204,MedicalService2,true,14.0,1.445851034302E12,6.0
204,DrugService,true,5.0,1.445851034309E12,11.0
204,AssistanceService,true,19.0

205,MedicalService3,true,2.15,1.445851034329E12,9.0
205,DrugService,true,5.0,1.445851034338E12,4.0
205,AssistanceService,true,7.15

206,AlarmService2,true,12.0,1.445851034348E12,4.0
206,AssistanceService,true,12.0

207,MedicalService1,true,4.0,1.445851034358E12,4.0
207,DrugService,true,5.0,1.445851034362E12,5.0
207,AssistanceService,true,9.0

208,AlarmService3,true,2.0,1.445851034373E12,4.0
208,AssistanceService,true,2.0

209,MedicalService1,true,4.0,1.445851034383E12,4.0
209,DrugService,true,5.0,1.445851034387E12,4.0
209,AssistanceService,true,9.0

210,MedicalService1,true,4.0,1.445851034397E12,5.0
210,DrugService,true,5.0,1.445851034402E12,4.0
210,AssistanceService,true,9.0

211,MedicalService3,true,2.15,1.445851034411E12,5.0
211,DrugService,true,5.0,1.445851034416E12,5.0
211,AssistanceService,true,7.15

212,MedicalService3,true,2.15,1.445851034427E12,6.0
212,DrugService,true,5.0,1.445851034433E12,5.0
212,AssistanceService,true,7.15

213,MedicalService2,true,14.0,1.445851034443E12,3.0
213,AlarmService1,true,4.0,1.445851034447E12,4.0
213,AssistanceService,true,18.0

214,MedicalService2,true,14.0,1.44585103446E12,4.0
214,AlarmService3,true,2.0,1.445851034464E12,4.0
214,AssistanceService,true,16.0

215,MedicalService3,true,2.15,1.445851034474E12,3.0
215,DrugService,true,5.0,1.445851034477E12,4.0
215,AssistanceService,true,7.15

216,MedicalService3,true,2.15,1.445851034486E12,4.0
216,DrugService,true,5.0,1.44585103449E12,4.0
216,AssistanceService,true,7.15

217,MedicalService3,false
217,AssistanceService,false,0.0

218,MedicalService2,true,14.0,1.445851035518E12,11.0
218,DrugService,true,5.0,1.44585103553E12,6.0
218,AssistanceService,true,19.0

219,MedicalService2,true,14.0,1.445851035543E12,6.0
219,AlarmService1,true,4.0,1.445851035549E12,4.0
219,AssistanceService,true,18.0

220,AlarmService3,true,2.0,1.445851035561E12,5.0
220,AssistanceService,true,2.0

221,MedicalService3,true,2.15,1.445851035571E12,3.0
221,DrugService,true,5.0,1.445851035574E12,4.0
221,AssistanceService,true,7.15

222,MedicalService1,true,4.0,1.445851035583E12,4.0
222,AlarmService1,true,4.0,1.445851035587E12,4.0
222,AssistanceService,true,8.0

223,MedicalService1,true,4.0,1.445851035596E12,4.0
223,DrugService,true,5.0,1.4458510356E12,4.0
223,AssistanceService,true,9.0

224,MedicalService2,true,14.0,1.445851035609E12,4.0
224,DrugService,true,5.0,1.445851035613E12,4.0
224,AssistanceService,true,19.0

225,MedicalService1,true,4.0,1.445851035622E12,4.0
225,DrugService,true,5.0,1.445851035626E12,4.0
225,AssistanceService,true,9.0

226,MedicalService1,true,4.0,1.44585103564E12,4.0
226,DrugService,true,5.0,1.445851035644E12,3.0
226,AssistanceService,true,9.0

227,AlarmService3,false
227,AssistanceService,false,0.0

228,MedicalService2,true,14.0,1.445851036673E12,8.0
228,DrugService,true,5.0,1.445851036681E12,7.0
228,AssistanceService,true,19.0

229,MedicalService1,false
229,AssistanceService,false,0.0

230,MedicalService3,true,2.15,1.445851037725E12,9.0
230,AlarmService3,true,2.0,1.445851037734E12,8.0
230,AssistanceService,true,4.15

231,AlarmService3,false
231,AssistanceService,false,0.0

232,MedicalService1,true,4.0,1.445851038773E12,8.0
232,DrugService,true,5.0,1.445851038781E12,7.0
232,AssistanceService,true,9.0

233,MedicalService1,true,4.0,1.445851038799E12,5.0
233,DrugService,true,5.0,1.445851038804E12,4.0
233,AssistanceService,true,9.0

234,AlarmService2,true,12.0,1.445851038813E12,4.0
234,AssistanceService,true,12.0

235,MedicalService3,false
235,AssistanceService,false,0.0

236,MedicalService2,true,14.0,1.44585103983E12,5.0
236,DrugService,true,5.0,1.445851039835E12,4.0
236,AssistanceService,true,19.0

237,MedicalService2,true,14.0,1.445851039844E12,5.0
237,DrugService,true,5.0,1.445851039849E12,9.0
237,AssistanceService,true,19.0

238,MedicalService2,true,14.0,1.445851039864E12,3.0
238,AlarmService1,true,4.0,1.445851039867E12,5.0
238,AssistanceService,true,18.0

239,AlarmService2,true,12.0,1.445851039876E12,5.0
239,AssistanceService,true,12.0

240,MedicalService3,true,2.15,1.445851039886E12,4.0
240,DrugService,true,5.0,1.44585103989E12,4.0
240,AssistanceService,true,7.15

241,AlarmService1,true,4.0,1.445851039899E12,3.0
241,AssistanceService,true,4.0

242,MedicalService2,true,14.0,1.445851039907E12,4.0
242,DrugService,true,5.0,1.445851039911E12,5.0
242,AssistanceService,true,19.0

243,MedicalService3,true,2.15,1.445851039921E12,5.0
243,DrugService,true,5.0,1.445851039926E12,5.0
243,AssistanceService,true,7.15

244,AlarmService2,true,12.0,1.445851039936E12,4.0
244,AssistanceService,true,12.0

245,MedicalService1,true,4.0,1.445851039946E12,4.0
245,DrugService,true,5.0,1.44585103995E12,4.0
245,AssistanceService,true,9.0

246,AlarmService1,true,4.0,1.445851039959E12,4.0
246,AssistanceService,true,4.0

247,MedicalService1,true,4.0,1.445851039969E12,4.0
247,AlarmService2,true,12.0,1.445851039973E12,3.0
247,AssistanceService,true,16.0

248,MedicalService2,true,14.0,1.445851039983E12,5.0
248,DrugService,true,5.0,1.445851039988E12,4.0
248,AssistanceService,true,19.0

249,MedicalService1,true,4.0,1.445851039998E12,4.0
249,DrugService,true,5.0,1.445851040002E12,3.0
249,AssistanceService,true,9.0

250,AlarmService1,true,4.0,1.445851040012E12,4.0
250,AssistanceService,true,4.0

251,MedicalService2,true,14.0,1.445851040025E12,5.0
251,AlarmService1,true,4.0,1.44585104003E12,3.0
251,AssistanceService,true,18.0

252,MedicalService2,false
252,AssistanceService,false,0.0

253,MedicalService1,true,4.0,1.445851041064E12,14.0
253,AlarmService3,true,2.0,1.445851041078E12,9.0
253,AssistanceService,true,6.0

254,MedicalService1,true,4.0,1.445851041095E12,6.0
254,DrugService,true,5.0,1.445851041101E12,5.0
254,AssistanceService,true,9.0

255,MedicalService1,true,4.0,1.445851041114E12,4.0
255,DrugService,true,5.0,1.445851041118E12,3.0
255,AssistanceService,true,9.0

256,MedicalService1,true,4.0,1.445851041126E12,4.0
256,DrugService,true,5.0,1.44585104113E12,4.0
256,AssistanceService,true,9.0

257,MedicalService3,true,2.15,1.44585104114E12,5.0
257,DrugService,true,5.0,1.445851041145E12,3.0
257,AssistanceService,true,7.15

258,MedicalService2,true,14.0,1.445851041154E12,4.0
258,DrugService,true,5.0,1.445851041158E12,4.0
258,AssistanceService,true,19.0

259,MedicalService3,true,2.15,1.445851041167E12,4.0
259,DrugService,true,5.0,1.445851041171E12,4.0
259,AssistanceService,true,7.15

260,MedicalService3,false
260,AssistanceService,false,0.0

261,MedicalService2,true,14.0,1.445851042206E12,13.0
261,DrugService,true,5.0,1.445851042219E12,4.0
261,AssistanceService,true,19.0

262,MedicalService2,true,14.0,1.445851042366E12,4.0
262,DrugService,true,5.0,1.44585104237E12,5.0
262,AssistanceService,true,19.0

263,MedicalService3,true,2.15,1.44585104238E12,5.0
263,DrugService,true,5.0,1.445851042385E12,4.0
263,AssistanceService,true,7.15

264,AlarmService3,true,2.0,1.445851042395E12,3.0
264,AssistanceService,true,2.0

265,MedicalService2,true,14.0,1.445851042403E12,4.0
265,DrugService,true,5.0,1.445851042407E12,4.0
265,AssistanceService,true,19.0

266,AlarmService3,true,2.0,1.445851042416E12,4.0
266,AssistanceService,true,2.0

267,MedicalService1,true,4.0,1.445851042425E12,5.0
267,DrugService,true,5.0,1.44585104243E12,4.0
267,AssistanceService,true,9.0

268,MedicalService1,true,4.0,1.445851042439E12,4.0
268,AlarmService2,true,12.0,1.445851042443E12,4.0
268,AssistanceService,true,16.0

269,MedicalService1,true,4.0,1.445851042451E12,4.0
269,DrugService,true,5.0,1.445851042455E12,4.0
269,AssistanceService,true,9.0

270,MedicalService3,true,2.15,1.445851042464E12,4.0
270,DrugService,true,5.0,1.445851042468E12,4.0
270,AssistanceService,true,7.15

271,MedicalService3,true,2.15,1.445851042478E12,3.0
271,DrugService,true,5.0,1.445851042482E12,3.0
271,AssistanceService,true,7.15

272,MedicalService2,true,14.0,1.445851042491E12,4.0
272,DrugService,true,5.0,1.445851042495E12,4.0
272,AssistanceService,true,19.0

273,MedicalService2,true,14.0,1.445851042505E12,4.0
273,DrugService,true,5.0,1.445851042509E12,4.0
273,AssistanceService,true,19.0

274,AlarmService1,true,4.0,1.445851042519E12,4.0
274,AssistanceService,true,4.0

275,MedicalService3,true,2.15,1.445851042531E12,4.0
275,DrugService,true,5.0,1.445851042535E12,4.0
275,AssistanceService,true,7.15

276,MedicalService3,false
276,AssistanceService,false,0.0

277,MedicalService3,true,2.15,1.445851043566E12,8.0
277,DrugService,true,5.0,1.445851043574E12,8.0
277,AssistanceService,true,7.15

278,MedicalService3,true,2.15,1.445851043611E12,5.0
278,DrugService,true,5.0,1.445851043616E12,3.0
278,AssistanceService,true,7.15

279,MedicalService1,true,4.0,1.445851043625E12,4.0
279,DrugService,true,5.0,1.445851043629E12,4.0
279,AssistanceService,true,9.0

280,MedicalService1,true,4.0,1.445851043638E12,4.0
280,DrugService,true,5.0,1.445851043642E12,4.0
280,AssistanceService,true,9.0

281,MedicalService2,true,14.0,1.445851043652E12,4.0
281,DrugService,true,5.0,1.445851043657E12,4.0
281,AssistanceService,true,19.0

282,MedicalService3,true,2.15,1.44585104367E12,4.0
282,AlarmService3,true,2.0,1.445851043674E12,5.0
282,AssistanceService,true,4.15

283,MedicalService3,true,2.15,1.445851043684E12,5.0
283,DrugService,true,5.0,1.445851043689E12,4.0
283,AssistanceService,true,7.15

284,MedicalService2,true,14.0,1.445851043698E12,5.0
284,AlarmService3,true,2.0,1.445851043703E12,4.0
284,AssistanceService,true,16.0

285,MedicalService2,true,14.0,1.445851043714E12,3.0
285,DrugService,true,5.0,1.445851043717E12,5.0
285,AssistanceService,true,19.0

286,MedicalService1,true,4.0,1.445851043727E12,5.0
286,AlarmService3,true,2.0,1.445851043732E12,4.0
286,AssistanceService,true,6.0

287,MedicalService1,false
287,AssistanceService,false,0.0

288,MedicalService2,true,14.0,1.445851044765E12,10.0
288,DrugService,true,5.0,1.445851044775E12,7.0
288,AssistanceService,true,19.0

289,MedicalService3,true,2.15,1.445851044791E12,7.0
289,DrugService,true,5.0,1.445851044798E12,6.0
289,AssistanceService,true,7.15

290,MedicalService2,true,14.0,1.445851044812E12,6.0
290,DrugService,true,5.0,1.445851044819E12,6.0
290,AssistanceService,true,19.0

291,MedicalService3,true,2.15,1.445851044833E12,4.0
291,AlarmService2,true,12.0,1.445851044837E12,4.0
291,AssistanceService,true,14.15

292,MedicalService2,true,14.0,1.445851044846E12,5.0
292,AlarmService3,true,2.0,1.445851044851E12,5.0
292,AssistanceService,true,16.0

293,AlarmService1,true,4.0,1.445851044861E12,3.0
293,AssistanceService,true,4.0

294,MedicalService1,true,4.0,1.44585104487E12,3.0
294,DrugService,true,5.0,1.445851044873E12,5.0
294,AssistanceService,true,9.0

295,MedicalService3,true,2.15,1.445851044884E12,4.0
295,AlarmService1,true,4.0,1.445851044888E12,4.0
295,AssistanceService,true,6.15

296,AlarmService3,true,2.0,1.445851044897E12,4.0
296,AssistanceService,true,2.0

297,MedicalService1,true,4.0,1.445851044908E12,4.0
297,AlarmService3,true,2.0,1.445851044913E12,4.0
297,AssistanceService,true,6.0

298,MedicalService3,true,2.15,1.445851044923E12,4.0
298,DrugService,true,5.0,1.445851044927E12,4.0
298,AssistanceService,true,7.15

299,MedicalService3,false
299,AssistanceService,false,0.0

300,MedicalService2,false
300,AssistanceService,false,0.0

301,MedicalService2,true,14.0,1.445851046986E12,9.0
301,DrugService,true,5.0,1.445851046995E12,7.0
301,AssistanceService,true,19.0

302,MedicalService2,true,14.0,1.445851047012E12,7.0
302,DrugService,true,5.0,1.445851047019E12,5.0
302,AssistanceService,true,19.0

303,MedicalService3,true,2.15,1.44585104703E12,4.0
303,DrugService,true,5.0,1.445851047035E12,4.0
303,AssistanceService,true,7.15

304,MedicalService1,true,4.0,1.445851047045E12,4.0
304,AlarmService3,true,2.0,1.445851047049E12,4.0
304,AssistanceService,true,6.0

305,MedicalService1,true,4.0,1.445851047059E12,3.0
305,DrugService,true,5.0,1.445851047062E12,5.0
305,AssistanceService,true,9.0

306,MedicalService2,true,14.0,1.445851047072E12,4.0
306,DrugService,true,5.0,1.445851047076E12,4.0
306,AssistanceService,true,19.0

307,MedicalService3,true,2.15,1.445851047085E12,4.0
307,DrugService,true,5.0,1.445851047089E12,4.0
307,AssistanceService,true,7.15

308,MedicalService3,true,2.15,1.445851047098E12,5.0
308,AlarmService3,true,2.0,1.445851047103E12,3.0
308,AssistanceService,true,4.15

309,MedicalService3,true,2.15,1.445851047112E12,5.0
309,AlarmService2,true,12.0,1.445851047117E12,5.0
309,AssistanceService,true,14.15

310,AlarmService3,true,2.0,1.445851047129E12,4.0
310,AssistanceService,true,2.0

311,MedicalService3,true,2.15,1.445851047143E12,6.0
311,DrugService,true,5.0,1.44585104715E12,3.0
311,AssistanceService,true,7.15

312,MedicalService1,true,4.0,1.445851047159E12,3.0
312,AlarmService3,true,2.0,1.445851047162E12,4.0
312,AssistanceService,true,6.0

313,MedicalService2,false
313,AssistanceService,false,0.0

314,AlarmService1,false
314,AssistanceService,false,0.0

315,MedicalService3,true,2.15,1.44585104922E12,13.0
315,DrugService,true,5.0,1.445851049233E12,10.0
315,AssistanceService,true,7.15

316,MedicalService1,true,4.0,1.445851049252E12,7.0
316,DrugService,true,5.0,1.445851049259E12,6.0
316,AssistanceService,true,9.0

317,MedicalService2,true,14.0,1.445851049273E12,4.0
317,DrugService,true,5.0,1.445851049277E12,5.0
317,AssistanceService,true,19.0

318,AlarmService2,true,12.0,1.445851049287E12,3.0
318,AssistanceService,true,12.0

319,MedicalService2,true,14.0,1.445851049295E12,5.0
319,DrugService,true,5.0,1.4458510493E12,4.0
319,AssistanceService,true,19.0

320,AlarmService1,true,4.0,1.445851049309E12,9.0
320,AssistanceService,true,4.0

321,MedicalService2,true,14.0,1.44585104933E12,10.0
321,AlarmService1,true,4.0,1.445851049341E12,4.0
321,AssistanceService,true,18.0

322,MedicalService1,true,4.0,1.445851049351E12,6.0
322,DrugService,true,5.0,1.445851049357E12,5.0
322,AssistanceService,true,9.0

323,MedicalService2,true,14.0,1.445851049372E12,4.0
323,AlarmService3,true,2.0,1.445851049376E12,4.0
323,AssistanceService,true,16.0

324,MedicalService1,false
324,AssistanceService,false,0.0

325,MedicalService3,true,2.15,1.445851050401E12,4.0
325,DrugService,true,5.0,1.445851050405E12,5.0
325,AssistanceService,true,7.15

326,AlarmService3,true,2.0,1.445851050414E12,4.0
326,AssistanceService,true,2.0

327,MedicalService2,true,14.0,1.445851050425E12,4.0
327,DrugService,true,5.0,1.445851050429E12,4.0
327,AssistanceService,true,19.0

328,MedicalService3,false
328,AssistanceService,false,0.0

329,MedicalService2,true,14.0,1.445851051446E12,3.0
329,DrugService,true,5.0,1.445851051449E12,5.0
329,AssistanceService,true,19.0

330,AlarmService2,true,12.0,1.445851051459E12,4.0
330,AssistanceService,true,12.0

331,MedicalService3,false
331,AssistanceService,false,0.0

332,AlarmService3,true,2.0,1.44585105248E12,9.0
332,AssistanceService,true,2.0

333,MedicalService3,true,2.15,1.4458510525E12,8.0
333,DrugService,true,5.0,1.445851052508E12,7.0
333,AssistanceService,true,7.15

334,AlarmService3,true,2.0,1.445851052525E12,7.0
334,AssistanceService,true,2.0

335,AlarmService1,true,4.0,1.445851052542E12,8.0
335,AssistanceService,true,4.0

336,MedicalService1,true,4.0,1.445851052567E12,6.0
336,DrugService,true,5.0,1.445851052574E12,4.0
336,AssistanceService,true,9.0

337,MedicalService1,true,4.0,1.445851052583E12,4.0
337,DrugService,true,5.0,1.445851052587E12,4.0
337,AssistanceService,true,9.0

338,MedicalService1,true,4.0,1.445851052597E12,4.0
338,DrugService,true,5.0,1.445851052601E12,4.0
338,AssistanceService,true,9.0

339,MedicalService3,true,2.15,1.44585105261E12,4.0
339,AlarmService1,true,4.0,1.445851052614E12,3.0
339,AssistanceService,true,6.15

340,MedicalService1,true,4.0,1.445851052624E12,6.0
340,AlarmService3,true,2.0,1.445851052631E12,4.0
340,AssistanceService,true,6.0

341,MedicalService2,true,14.0,1.44585105264E12,4.0
341,DrugService,true,5.0,1.445851052644E12,5.0
341,AssistanceService,true,19.0

342,MedicalService1,true,4.0,1.445851052654E12,5.0
342,DrugService,true,5.0,1.445851052659E12,4.0
342,AssistanceService,true,9.0

343,MedicalService3,true,2.15,1.445851052668E12,9.0
343,DrugService,true,5.0,1.445851052677E12,6.0
343,AssistanceService,true,7.15

344,MedicalService2,true,14.0,1.445851052691E12,5.0
344,DrugService,true,5.0,1.445851052696E12,4.0
344,AssistanceService,true,19.0

345,MedicalService1,true,4.0,1.445851052707E12,5.0
345,DrugService,true,5.0,1.445851052712E12,4.0
345,AssistanceService,true,9.0

346,MedicalService3,true,2.15,1.445851052721E12,4.0
346,AlarmService2,true,12.0,1.445851052725E12,4.0
346,AssistanceService,true,14.15

347,AlarmService2,true,12.0,1.445851052734E12,4.0
347,AssistanceService,true,12.0

348,MedicalService1,false
348,AssistanceService,false,0.0

349,MedicalService1,true,4.0,1.445851053767E12,10.0
349,DrugService,true,5.0,1.445851053777E12,7.0
349,AssistanceService,true,9.0

350,MedicalService2,true,14.0,1.445851053796E12,8.0
350,DrugService,true,5.0,1.445851053804E12,4.0
350,AssistanceService,true,19.0

351,MedicalService1,true,4.0,1.445851053815E12,6.0
351,AlarmService2,true,12.0,1.445851053821E12,4.0
351,AssistanceService,true,16.0

352,MedicalService2,true,14.0,1.445851053832E12,4.0
352,DrugService,true,5.0,1.445851053836E12,4.0
352,AssistanceService,true,19.0

353,MedicalService1,false
353,AssistanceService,false,0.0

354,MedicalService1,true,4.0,1.445851054868E12,15.0
354,DrugService,true,5.0,1.445851054883E12,8.0
354,AssistanceService,true,9.0

355,MedicalService3,true,2.15,1.445851054901E12,9.0
355,DrugService,true,5.0,1.44585105491E12,6.0
355,AssistanceService,true,7.15

356,MedicalService2,true,14.0,1.445851054922E12,4.0
356,DrugService,true,5.0,1.445851054926E12,4.0
356,AssistanceService,true,19.0

357,MedicalService1,true,4.0,1.445851054934E12,5.0
357,AlarmService3,true,2.0,1.445851054939E12,5.0
357,AssistanceService,true,6.0

358,MedicalService3,true,2.15,1.445851054949E12,6.0
358,AlarmService3,true,2.0,1.445851054955E12,4.0
358,AssistanceService,true,4.15

359,MedicalService3,true,2.15,1.445851054964E12,10.0
359,AlarmService2,true,12.0,1.445851054974E12,5.0
359,AssistanceService,true,14.15

360,MedicalService1,true,4.0,1.445851054984E12,4.0
360,DrugService,true,5.0,1.445851054988E12,4.0
360,AssistanceService,true,9.0

361,MedicalService2,true,14.0,1.445851054998E12,3.0
361,DrugService,true,5.0,1.445851055001E12,4.0
361,AssistanceService,true,19.0

362,MedicalService3,true,2.15,1.445851055011E12,4.0
362,AlarmService1,true,4.0,1.445851055015E12,4.0
362,AssistanceService,true,6.15

363,MedicalService1,true,4.0,1.445851055024E12,4.0
363,AlarmService2,true,12.0,1.445851055028E12,4.0
363,AssistanceService,true,16.0

364,MedicalService1,true,4.0,1.445851055037E12,3.0
364,DrugService,true,5.0,1.44585105504E12,5.0
364,AssistanceService,true,9.0

365,AlarmService3,true,2.0,1.44585105505E12,5.0
365,AssistanceService,true,2.0

366,MedicalService1,true,4.0,1.445851055061E12,3.0
366,DrugService,true,5.0,1.445851055064E12,5.0
366,AssistanceService,true,9.0

367,MedicalService3,true,2.15,1.445851055074E12,4.0
367,DrugService,true,5.0,1.445851055078E12,4.0
367,AssistanceService,true,7.15

368,AlarmService3,true,2.0,1.445851055087E12,4.0
368,AssistanceService,true,2.0

369,MedicalService2,true,14.0,1.445851055096E12,4.0
369,DrugService,true,5.0,1.4458510551E12,5.0
369,AssistanceService,true,19.0

370,AlarmService1,true,4.0,1.445851055111E12,4.0
370,AssistanceService,true,4.0

371,AlarmService3,true,2.0,1.445851055122E12,5.0
371,AssistanceService,true,2.0

372,MedicalService1,true,4.0,1.445851055133E12,8.0
372,DrugService,true,5.0,1.445851055141E12,4.0
372,AssistanceService,true,9.0

373,MedicalService1,true,4.0,1.445851055152E12,4.0
373,DrugService,true,5.0,1.445851055156E12,4.0
373,AssistanceService,true,9.0

374,MedicalService2,true,14.0,1.445851055166E12,4.0
374,AlarmService3,false
374,AssistanceService,false,14.0

375,AlarmService2,true,12.0,1.445851056177E12,4.0
375,AssistanceService,true,12.0

376,MedicalService1,true,4.0,1.445851056186E12,4.0
376,DrugService,true,5.0,1.44585105619E12,4.0
376,AssistanceService,true,9.0

377,AlarmService1,true,4.0,1.445851056198E12,4.0
377,AssistanceService,true,4.0

378,AlarmService1,true,4.0,1.445851056208E12,4.0
378,AssistanceService,true,4.0

379,MedicalService1,true,4.0,1.445851056216E12,4.0
379,DrugService,true,5.0,1.44585105622E12,4.0
379,AssistanceService,true,9.0

380,MedicalService1,true,4.0,1.445851056229E12,5.0
380,AlarmService3,true,2.0,1.445851056234E12,4.0
380,AssistanceService,true,6.0

381,MedicalService1,false
381,AssistanceService,false,0.0

382,MedicalService2,true,14.0,1.445851057264E12,13.0
382,DrugService,true,5.0,1.445851057277E12,8.0
382,AssistanceService,true,19.0

383,MedicalService1,true,4.0,1.445851057296E12,8.0
383,DrugService,true,5.0,1.445851057304E12,12.0
383,AssistanceService,true,9.0

384,AlarmService2,true,12.0,1.445851057332E12,9.0
384,AssistanceService,true,12.0

385,MedicalService3,true,2.15,1.445851057347E12,5.0
385,AlarmService2,true,12.0,1.445851057353E12,5.0
385,AssistanceService,true,14.15

386,MedicalService3,true,2.15,1.445851057363E12,4.0
386,AlarmService3,true,2.0,1.445851057367E12,5.0
386,AssistanceService,true,4.15

387,MedicalService3,true,2.15,1.445851057377E12,5.0
387,DrugService,true,5.0,1.445851057382E12,4.0
387,AssistanceService,true,7.15

388,MedicalService3,true,2.15,1.445851057392E12,3.0
388,DrugService,true,5.0,1.445851057396E12,3.0
388,AssistanceService,true,7.15

389,MedicalService1,true,4.0,1.445851057408E12,4.0
389,AlarmService3,true,2.0,1.445851057412E12,4.0
389,AssistanceService,true,6.0

390,AlarmService1,true,4.0,1.445851057422E12,4.0
390,AssistanceService,true,4.0

391,AlarmService3,true,2.0,1.445851057431E12,4.0
391,AssistanceService,true,2.0

392,MedicalService3,true,2.15,1.44585105744E12,4.0
392,AlarmService2,true,12.0,1.445851057444E12,4.0
392,AssistanceService,true,14.15

393,MedicalService2,true,14.0,1.445851057454E12,4.0
393,DrugService,true,5.0,1.445851057458E12,4.0
393,AssistanceService,true,19.0

394,MedicalService1,true,4.0,1.445851057467E12,4.0
394,AlarmService2,true,12.0,1.445851057471E12,4.0
394,AssistanceService,true,16.0

395,MedicalService3,false
395,AssistanceService,false,0.0

396,AlarmService2,true,12.0,1.445851058487E12,6.0
396,AssistanceService,true,12.0

397,MedicalService3,true,2.15,1.445851058508E12,5.0
397,AlarmService2,true,12.0,1.445851058513E12,4.0
397,AssistanceService,true,14.15

398,AlarmService1,true,4.0,1.445851058523E12,3.0
398,AssistanceService,true,4.0

399,MedicalService3,true,2.15,1.445851058532E12,4.0
399,DrugService,true,5.0,1.445851058536E12,4.0
399,AssistanceService,true,7.15

400,MedicalService3,true,2.15,1.445851058549E12,7.0
400,DrugService,true,5.0,1.445851058556E12,4.0
400,AssistanceService,true,7.15

401,MedicalService3,true,2.15,1.445851058606E12,4.0
401,DrugService,true,5.0,1.44585105861E12,4.0
401,AssistanceService,true,7.15

402,AlarmService1,true,4.0,1.44585105862E12,3.0
402,AssistanceService,true,4.0

403,MedicalService2,true,14.0,1.445851058628E12,4.0
403,DrugService,true,5.0,1.445851058632E12,5.0
403,AssistanceService,true,19.0

404,MedicalService2,true,14.0,1.445851058642E12,4.0
404,AlarmService1,true,4.0,1.445851058647E12,4.0
404,AssistanceService,true,18.0

405,MedicalService2,true,14.0,1.445851058657E12,5.0
405,DrugService,true,5.0,1.445851058662E12,4.0
405,AssistanceService,true,19.0

406,MedicalService1,true,4.0,1.445851058675E12,4.0
406,AlarmService2,true,12.0,1.445851058679E12,4.0
406,AssistanceService,true,16.0

407,MedicalService3,true,2.15,1.445851058691E12,5.0
407,DrugService,true,5.0,1.445851058696E12,3.0
407,AssistanceService,true,7.15

408,AlarmService2,true,12.0,1.445851058705E12,3.0
408,AssistanceService,true,12.0

409,MedicalService3,true,2.15,1.445851058714E12,4.0
409,AlarmService2,true,12.0,1.445851058718E12,4.0
409,AssistanceService,true,14.15

410,MedicalService2,false
410,AssistanceService,false,0.0

411,AlarmService1,true,4.0,1.445851059748E12,13.0
411,AssistanceService,true,4.0

412,AlarmService1,true,4.0,1.445851059777E12,13.0
412,AssistanceService,true,4.0

413,MedicalService2,true,14.0,1.445851059806E12,9.0
413,AlarmService2,false
413,AssistanceService,false,14.0

414,MedicalService3,true,2.15,1.445851060824E12,7.0
414,AlarmService1,true,4.0,1.445851060831E12,5.0
414,AssistanceService,true,6.15

415,AlarmService1,true,4.0,1.445851060842E12,5.0
415,AssistanceService,true,4.0

416,MedicalService2,true,14.0,1.445851060858E12,5.0
416,AlarmService1,true,4.0,1.445851060863E12,4.0
416,AssistanceService,true,18.0

417,AlarmService1,true,4.0,1.445851060873E12,4.0
417,AssistanceService,true,4.0

418,MedicalService3,true,2.15,1.445851060882E12,4.0
418,DrugService,true,5.0,1.445851060886E12,4.0
418,AssistanceService,true,7.15

419,MedicalService1,false
419,AssistanceService,false,0.0

420,MedicalService1,true,4.0,1.445851061903E12,4.0
420,DrugService,true,5.0,1.445851061907E12,4.0
420,AssistanceService,true,9.0

421,AlarmService3,false
421,AssistanceService,false,0.0

422,MedicalService3,true,2.15,1.445851062926E12,5.0
422,AlarmService3,true,2.0,1.445851062931E12,5.0
422,AssistanceService,true,4.15

423,MedicalService1,true,4.0,1.445851062942E12,5.0
423,DrugService,true,5.0,1.445851062947E12,4.0
423,AssistanceService,true,9.0

424,MedicalService1,true,4.0,1.445851062957E12,4.0
424,DrugService,true,5.0,1.445851062961E12,4.0
424,AssistanceService,true,9.0

425,MedicalService2,true,14.0,1.445851062972E12,6.0
425,AlarmService1,true,4.0,1.445851062978E12,4.0
425,AssistanceService,true,18.0

426,MedicalService3,true,2.15,1.445851062988E12,4.0
426,DrugService,true,5.0,1.445851062992E12,4.0
426,AssistanceService,true,7.15

427,MedicalService2,true,14.0,1.445851063002E12,4.0
427,DrugService,true,5.0,1.445851063006E12,4.0
427,AssistanceService,true,19.0

428,AlarmService3,true,2.0,1.445851063019E12,5.0
428,AssistanceService,true,2.0

429,AlarmService2,true,12.0,1.445851063029E12,4.0
429,AssistanceService,true,12.0

430,MedicalService3,true,2.15,1.445851063038E12,4.0
430,AlarmService2,true,12.0,1.445851063042E12,4.0
430,AssistanceService,true,14.15

431,AlarmService1,true,4.0,1.44585106305E12,5.0
431,AssistanceService,true,4.0

432,MedicalService1,true,4.0,1.44585106306E12,4.0
432,DrugService,true,5.0,1.445851063064E12,4.0
432,AssistanceService,true,9.0

433,MedicalService1,true,4.0,1.445851063075E12,4.0
433,AlarmService2,true,12.0,1.445851063079E12,5.0
433,AssistanceService,true,16.0

434,MedicalService2,true,14.0,1.445851063089E12,4.0
434,AlarmService3,true,2.0,1.445851063093E12,5.0
434,AssistanceService,true,16.0

435,MedicalService2,false
435,AssistanceService,false,0.0

436,MedicalService1,true,4.0,1.445851064124E12,9.0
436,AlarmService2,true,12.0,1.445851064133E12,7.0
436,AssistanceService,true,16.0

437,MedicalService1,true,4.0,1.445851064151E12,6.0
437,AlarmService1,true,4.0,1.445851064157E12,5.0
437,AssistanceService,true,8.0

438,MedicalService2,true,14.0,1.445851064168E12,4.0
438,DrugService,true,5.0,1.445851064172E12,4.0
438,AssistanceService,true,19.0

439,AlarmService2,true,12.0,1.445851064182E12,5.0
439,AssistanceService,true,12.0

440,MedicalService1,true,4.0,1.445851064193E12,4.0
440,DrugService,true,5.0,1.445851064197E12,5.0
440,AssistanceService,true,9.0

441,MedicalService2,true,14.0,1.445851064213E12,5.0
441,DrugService,true,5.0,1.445851064218E12,4.0
441,AssistanceService,true,19.0

442,MedicalService2,true,14.0,1.445851064229E12,5.0
442,DrugService,true,5.0,1.445851064234E12,5.0
442,AssistanceService,true,19.0

443,MedicalService2,true,14.0,1.445851064244E12,4.0
443,DrugService,true,5.0,1.445851064248E12,4.0
443,AssistanceService,true,19.0

444,MedicalService1,true,4.0,1.445851064257E12,5.0
444,AlarmService1,true,4.0,1.445851064262E12,4.0
444,AssistanceService,true,8.0

445,MedicalService1,true,4.0,1.44585106427E12,4.0
445,AlarmService2,true,12.0,1.445851064274E12,4.0
445,AssistanceService,true,16.0

446,MedicalService3,true,2.15,1.445851064283E12,5.0
446,AlarmService3,true,2.0,1.445851064288E12,3.0
446,AssistanceService,true,4.15

447,MedicalService1,true,4.0,1.445851064297E12,4.0
447,DrugService,true,5.0,1.445851064301E12,5.0
447,AssistanceService,true,9.0

448,AlarmService1,true,4.0,1.445851064325E12,11.0
448,AssistanceService,true,4.0

449,MedicalService2,true,14.0,1.445851064343E12,4.0
449,DrugService,true,5.0,1.445851064347E12,7.0
449,AssistanceService,true,19.0

450,MedicalService1,true,4.0,1.44585106436E12,4.0
450,AlarmService3,true,2.0,1.445851064364E12,5.0
450,AssistanceService,true,6.0

451,MedicalService2,true,14.0,1.445851064375E12,6.0
451,DrugService,true,5.0,1.445851064381E12,6.0
451,AssistanceService,true,19.0

452,MedicalService2,true,14.0,1.445851064392E12,4.0
452,DrugService,true,5.0,1.445851064396E12,10.0
452,AssistanceService,true,19.0

453,AlarmService3,true,2.0,1.445851064412E12,4.0
453,AssistanceService,true,2.0

454,MedicalService3,true,2.15,1.445851064422E12,5.0
454,DrugService,true,5.0,1.445851064428E12,3.0
454,AssistanceService,true,7.15

455,AlarmService3,true,2.0,1.445851064437E12,3.0
455,AssistanceService,true,2.0

456,MedicalService2,true,14.0,1.445851064446E12,3.0
456,DrugService,true,5.0,1.445851064449E12,4.0
456,AssistanceService,true,19.0

457,MedicalService1,true,4.0,1.445851064459E12,3.0
457,AlarmService2,true,12.0,1.445851064462E12,5.0
457,AssistanceService,true,16.0

458,MedicalService1,true,4.0,1.445851064472E12,4.0
458,AlarmService3,true,2.0,1.445851064476E12,4.0
458,AssistanceService,true,6.0

459,MedicalService2,true,14.0,1.445851064484E12,4.0
459,AlarmService2,true,12.0,1.445851064488E12,5.0
459,AssistanceService,true,26.0

460,MedicalService2,true,14.0,1.445851064499E12,6.0
460,DrugService,true,5.0,1.445851064505E12,3.0
460,AssistanceService,true,19.0

461,MedicalService2,true,14.0,1.445851064514E12,5.0
461,DrugService,true,5.0,1.445851064519E12,4.0
461,AssistanceService,true,19.0

462,AlarmService2,true,12.0,1.445851064528E12,7.0
462,AssistanceService,true,12.0

463,MedicalService2,true,14.0,1.44585106454E12,4.0
463,DrugService,true,5.0,1.445851064544E12,4.0
463,AssistanceService,true,19.0

464,MedicalService2,true,14.0,1.445851064554E12,3.0
464,DrugService,true,5.0,1.445851064557E12,5.0
464,AssistanceService,true,19.0

465,MedicalService1,true,4.0,1.445851064567E12,9.0
465,DrugService,true,5.0,1.445851064576E12,4.0
465,AssistanceService,true,9.0

466,MedicalService1,true,4.0,1.445851064588E12,4.0
466,AlarmService1,true,4.0,1.445851064592E12,4.0
466,AssistanceService,true,8.0

467,MedicalService2,true,14.0,1.445851064602E12,5.0
467,AlarmService3,true,2.0,1.445851064607E12,5.0
467,AssistanceService,true,16.0

468,MedicalService3,true,2.15,1.445851064618E12,4.0
468,DrugService,true,5.0,1.445851064622E12,3.0
468,AssistanceService,true,7.15

469,AlarmService2,true,12.0,1.445851064631E12,5.0
469,AssistanceService,true,12.0

470,MedicalService1,true,4.0,1.445851064643E12,6.0
470,DrugService,true,5.0,1.44585106465E12,4.0
470,AssistanceService,true,9.0

471,MedicalService1,true,4.0,1.44585106466E12,4.0
471,DrugService,true,5.0,1.445851064664E12,5.0
471,AssistanceService,true,9.0

472,MedicalService3,true,2.15,1.445851064679E12,7.0
472,AlarmService3,true,2.0,1.445851064686E12,5.0
472,AssistanceService,true,4.15

473,MedicalService2,false
473,AssistanceService,false,0.0

474,MedicalService1,true,4.0,1.445851065705E12,6.0
474,DrugService,true,5.0,1.445851065711E12,4.0
474,AssistanceService,true,9.0

475,MedicalService2,true,14.0,1.445851065722E12,7.0
475,AlarmService1,true,4.0,1.445851065729E12,6.0
475,AssistanceService,true,18.0

476,AlarmService3,true,2.0,1.445851065741E12,3.0
476,AssistanceService,true,2.0

477,MedicalService1,true,4.0,1.44585106575E12,4.0
477,DrugService,true,5.0,1.445851065754E12,4.0
477,AssistanceService,true,9.0

478,AlarmService3,true,2.0,1.445851065769E12,4.0
478,AssistanceService,true,2.0

479,MedicalService1,true,4.0,1.445851065779E12,5.0
479,DrugService,true,5.0,1.445851065784E12,4.0
479,AssistanceService,true,9.0

480,MedicalService2,true,14.0,1.445851065792E12,5.0
480,AlarmService1,false
480,AssistanceService,false,14.0

481,AlarmService3,true,2.0,1.44585106683E12,18.0
481,AssistanceService,true,2.0

482,MedicalService1,true,4.0,1.44585106686E12,8.0
482,DrugService,true,5.0,1.445851066868E12,6.0
482,AssistanceService,true,9.0

483,MedicalService2,true,14.0,1.445851066883E12,5.0
483,DrugService,true,5.0,1.445851066888E12,4.0
483,AssistanceService,true,19.0

484,MedicalService2,true,14.0,1.445851066898E12,4.0
484,AlarmService3,true,2.0,1.445851066902E12,4.0
484,AssistanceService,true,16.0

485,MedicalService2,true,14.0,1.445851066911E12,4.0
485,DrugService,true,5.0,1.445851066915E12,4.0
485,AssistanceService,true,19.0

486,MedicalService2,true,14.0,1.445851066925E12,4.0
486,DrugService,true,5.0,1.445851066929E12,4.0
486,AssistanceService,true,19.0

487,MedicalService1,true,4.0,1.445851066938E12,4.0
487,AlarmService1,true,4.0,1.445851066942E12,4.0
487,AssistanceService,true,8.0

488,MedicalService2,true,14.0,1.445851066951E12,5.0
488,DrugService,true,5.0,1.445851066956E12,5.0
488,AssistanceService,true,19.0

489,MedicalService2,true,14.0,1.445851066968E12,4.0
489,DrugService,true,5.0,1.445851066973E12,4.0
489,AssistanceService,true,19.0

490,MedicalService3,true,2.15,1.445851066988E12,4.0
490,DrugService,true,5.0,1.445851066992E12,4.0
490,AssistanceService,true,7.15

491,MedicalService2,true,14.0,1.445851067002E12,4.0
491,DrugService,true,5.0,1.445851067006E12,4.0
491,AssistanceService,true,19.0

492,MedicalService1,false
492,AssistanceService,false,0.0

493,MedicalService2,true,14.0,1.445851068039E12,14.0
493,DrugService,true,5.0,1.445851068053E12,7.0
493,AssistanceService,true,19.0

494,MedicalService2,true,14.0,1.445851068069E12,8.0
494,DrugService,true,5.0,1.445851068077E12,6.0
494,AssistanceService,true,19.0

495,AlarmService3,true,2.0,1.445851068088E12,4.0
495,AssistanceService,true,2.0

496,MedicalService2,true,14.0,1.445851068098E12,6.0
496,DrugService,true,5.0,1.445851068104E12,5.0
496,AssistanceService,true,19.0

497,MedicalService1,true,4.0,1.445851068114E12,6.0
497,DrugService,true,5.0,1.44585106812E12,4.0
497,AssistanceService,true,9.0

498,AlarmService2,true,12.0,1.445851068131E12,4.0
498,AssistanceService,true,12.0

499,MedicalService1,true,4.0,1.445851068141E12,3.0
499,DrugService,true,5.0,1.445851068144E12,5.0
499,AssistanceService,true,9.0

500,MedicalService2,true,14.0,1.445851068155E12,5.0
500,DrugService,true,5.0,1.44585106816E12,4.0
500,AssistanceService,true,19.0

