1,MedicalService1,true,4.0,1.451916277837E12,8.0
1,DrugService,true,5.0,1.451916277968E12,5.0
1,AssistanceService,true,9.0

2,AlarmService3,true,2.0,1.45191627809E12,8.0
2,AssistanceService,true,2.0

3,MedicalService1,false
3,MedicalService1,false
3,AssistanceService,false,0.0

4,MedicalService1,true,4.0,1.45191628051E12,7.0
4,DrugService,true,5.0,1.451916280595E12,5.0
4,AssistanceService,true,9.0

5,MedicalService1,true,4.0,1.451916280696E12,6.0
5,DrugService,true,5.0,1.451916280785E12,6.0
5,AssistanceService,true,9.0

6,MedicalService1,true,4.0,1.451916280876E12,7.0
6,DrugService,true,5.0,1.451916280965E12,6.0
6,AssistanceService,true,9.0

7,AlarmService3,true,2.0,1.451916281055E12,6.0
7,AssistanceService,true,2.0

8,MedicalService1,true,4.0,1.451916281164E12,13.0
8,DrugService,true,5.0,1.451916281279E12,6.0
8,AssistanceService,true,9.0

9,AlarmService3,true,2.0,1.451916281367E12,5.0
9,AssistanceService,true,2.0

10,AlarmService3,true,2.0,1.451916281498E12,5.0
10,AssistanceService,true,2.0

11,MedicalService1,true,4.0,1.451916281606E12,10.0
11,DrugService,true,5.0,1.451916281698E12,4.0
11,AssistanceService,true,9.0

12,MedicalService1,true,4.0,1.451916281791E12,6.0
12,AlarmService3,true,2.0,1.45191628187E12,6.0
12,AssistanceService,true,6.0

13,MedicalService1,true,4.0,1.451916281963E12,5.0
13,DrugService,true,5.0,1.451916282049E12,7.0
13,AssistanceService,true,9.0

14,AlarmService3,true,2.0,1.45191628216E12,7.0
14,AssistanceService,true,2.0

15,MedicalService1,false
15,MedicalService1,true,4.0,1.451916283392E12,4.0
15,DrugService,true,5.0,1.451916283463E12,5.0
15,AssistanceService,true,9.0

16,AlarmService3,true,2.0,1.451916283569E12,6.0
16,AssistanceService,true,2.0

17,MedicalService1,true,4.0,1.451916283652E12,5.0
17,DrugService,true,5.0,1.45191628373E12,5.0
17,AssistanceService,true,9.0

18,MedicalService1,true,4.0,1.451916283813E12,5.0
18,DrugService,true,5.0,1.451916283882E12,5.0
18,AssistanceService,true,9.0

19,MedicalService1,true,4.0,1.451916283964E12,5.0
19,DrugService,true,5.0,1.451916284042E12,5.0
19,AssistanceService,true,9.0

20,MedicalService1,true,4.0,1.451916284125E12,5.0
20,AlarmService3,true,2.0,1.451916284213E12,4.0
20,AssistanceService,true,6.0

21,MedicalService1,true,4.0,1.451916284298E12,5.0
21,DrugService,true,5.0,1.451916284367E12,5.0
21,AssistanceService,true,9.0

22,MedicalService1,false
22,MedicalService1,true,4.0,1.451916285564E12,13.0
22,DrugService,true,5.0,1.451916285645E12,5.0
22,AssistanceService,true,9.0

23,MedicalService1,true,4.0,1.451916285729E12,6.0
23,DrugService,true,5.0,1.451916285801E12,5.0
23,AssistanceService,true,9.0

24,AlarmService3,false
24,AlarmService3,true,2.0,1.451916287004E12,5.0
24,AssistanceService,true,2.0

25,MedicalService1,true,4.0,1.45191628709E12,6.0
25,DrugService,true,5.0,1.451916287182E12,9.0
25,AssistanceService,true,9.0

26,AlarmService3,true,2.0,1.451916287266E12,4.0
26,AssistanceService,true,2.0

27,MedicalService1,true,4.0,1.451916287344E12,7.0
27,DrugService,true,5.0,1.451916287415E12,6.0
27,AssistanceService,true,9.0

28,MedicalService1,false
28,MedicalService1,true,4.0,1.451916288636E12,7.0
28,AlarmService3,true,2.0,1.451916288705E12,5.0
28,AssistanceService,true,6.0

29,AlarmService3,true,2.0,1.451916288779E12,5.0
29,AssistanceService,true,2.0

30,MedicalService1,true,4.0,1.451916288868E12,4.0
30,DrugService,true,5.0,1.451916288938E12,5.0
30,AssistanceService,true,9.0

31,AlarmService3,true,2.0,1.45191628901E12,5.0
31,AssistanceService,true,2.0

32,MedicalService1,true,4.0,1.451916289091E12,5.0
32,DrugService,true,5.0,1.451916289179E12,4.0
32,AssistanceService,true,9.0

33,MedicalService1,true,4.0,1.451916289267E12,6.0
33,AlarmService3,true,2.0,1.451916289344E12,7.0
33,AssistanceService,true,6.0

34,AlarmService3,false
34,AlarmService3,true,2.0,1.451916290527E12,5.0
34,AssistanceService,true,2.0

35,MedicalService1,true,4.0,1.451916290598E12,5.0
35,DrugService,true,5.0,1.451916290667E12,14.0
35,AssistanceService,true,9.0

36,MedicalService1,true,4.0,1.451916290757E12,5.0
36,AlarmService3,true,2.0,1.451916290825E12,5.0
36,AssistanceService,true,6.0

37,MedicalService1,true,4.0,1.451916290898E12,5.0
37,DrugService,true,5.0,1.451916290969E12,5.0
37,AssistanceService,true,9.0

38,MedicalService1,true,4.0,1.451916291043E12,5.0
38,DrugService,true,5.0,1.451916291126E12,8.0
38,AssistanceService,true,9.0

39,MedicalService1,true,4.0,1.451916291218E12,6.0
39,AlarmService3,true,2.0,1.451916291297E12,7.0
39,AssistanceService,true,6.0

40,AlarmService3,true,2.0,1.451916291382E12,5.0
40,AssistanceService,true,2.0

41,AlarmService3,true,2.0,1.451916291474E12,5.0
41,AssistanceService,true,2.0

42,AlarmService3,true,2.0,1.451916291565E12,5.0
42,AssistanceService,true,2.0

43,MedicalService1,true,4.0,1.451916291641E12,4.0
43,DrugService,true,5.0,1.451916291711E12,4.0
43,AssistanceService,true,9.0

44,MedicalService1,true,4.0,1.45191629178E12,5.0
44,DrugService,true,5.0,1.451916291847E12,5.0
44,AssistanceService,true,9.0

45,AlarmService3,true,2.0,1.451916291936E12,6.0
45,AssistanceService,true,2.0

46,MedicalService1,true,4.0,1.451916292017E12,5.0
46,DrugService,true,5.0,1.451916292093E12,5.0
46,AssistanceService,true,9.0

47,MedicalService1,true,4.0,1.451916292198E12,5.0
47,AlarmService3,true,2.0,1.451916292262E12,4.0
47,AssistanceService,true,6.0

48,MedicalService1,false
48,MedicalService1,true,4.0,1.451916293425E12,5.0
48,AlarmService3,false
48,AlarmService3,true,2.0,1.451916294591E12,5.0
48,AssistanceService,true,6.0

49,MedicalService1,true,4.0,1.451916294681E12,6.0
49,AlarmService3,true,2.0,1.451916294762E12,10.0
49,AssistanceService,true,6.0

50,AlarmService3,true,2.0,1.451916294843E12,7.0
50,AssistanceService,true,2.0

51,AlarmService3,true,2.0,1.451916294928E12,6.0
51,AssistanceService,true,2.0

52,MedicalService1,true,4.0,1.451916295009E12,5.0
52,DrugService,true,5.0,1.451916295086E12,5.0
52,AssistanceService,true,9.0

53,MedicalService1,false
53,MedicalService1,true,4.0,1.451916296371E12,11.0
53,AlarmService3,false
53,AlarmService3,true,2.0,1.451916297583E12,7.0
53,AssistanceService,true,6.0

54,AlarmService3,true,2.0,1.45191629772E12,8.0
54,AssistanceService,true,2.0

55,MedicalService1,true,4.0,1.451916297828E12,6.0
55,AlarmService3,true,2.0,1.451916297896E12,15.0
55,AssistanceService,true,6.0

56,MedicalService1,true,4.0,1.451916298002E12,8.0
56,AlarmService3,true,2.0,1.451916298082E12,6.0
56,AssistanceService,true,6.0

57,MedicalService1,true,4.0,1.451916298173E12,23.0
57,AlarmService3,true,2.0,1.451916298268E12,5.0
57,AssistanceService,true,6.0

58,MedicalService1,true,4.0,1.451916298346E12,15.0
58,DrugService,true,5.0,1.451916298424E12,5.0
58,AssistanceService,true,9.0

59,MedicalService1,true,4.0,1.451916298504E12,6.0
59,DrugService,true,5.0,1.451916298574E12,7.0
59,AssistanceService,true,9.0

60,AlarmService3,true,2.0,1.45191629866E12,5.0
60,AssistanceService,true,2.0

61,AlarmService3,true,2.0,1.451916298746E12,7.0
61,AssistanceService,true,2.0

62,MedicalService1,true,4.0,1.451916298821E12,6.0
62,DrugService,true,5.0,1.451916298973E12,43.0
62,AssistanceService,true,9.0

63,MedicalService1,true,4.0,1.451916299353E12,8.0
63,DrugService,true,5.0,1.451916299473E12,6.0
63,AssistanceService,true,9.0

64,MedicalService1,true,4.0,1.451916299566E12,5.0
64,AlarmService3,true,2.0,1.451916299657E12,9.0
64,AssistanceService,true,6.0

65,MedicalService1,false
65,MedicalService1,true,4.0,1.451916300942E12,4.0
65,DrugService,true,5.0,1.451916301023E12,8.0
65,AssistanceService,true,9.0

66,MedicalService1,true,4.0,1.451916301121E12,10.0
66,DrugService,true,5.0,1.451916301217E12,8.0
66,AssistanceService,true,9.0

67,MedicalService1,true,4.0,1.451916301305E12,4.0
67,AlarmService3,true,2.0,1.451916301371E12,4.0
67,AssistanceService,true,6.0

68,MedicalService1,true,4.0,1.451916301443E12,6.0
68,DrugService,true,5.0,1.45191630155E12,5.0
68,AssistanceService,true,9.0

69,AlarmService3,false
69,AlarmService3,true,2.0,1.451916302719E12,6.0
69,AssistanceService,true,2.0

70,MedicalService1,true,4.0,1.451916302812E12,5.0
70,DrugService,true,5.0,1.451916302898E12,6.0
70,AssistanceService,true,9.0

71,AlarmService3,true,2.0,1.451916302995E12,8.0
71,AssistanceService,true,2.0

72,MedicalService1,true,4.0,1.4519163031E12,7.0
72,DrugService,true,5.0,1.451916303228E12,8.0
72,AssistanceService,true,9.0

73,MedicalService1,true,4.0,1.45191630332E12,5.0
73,AlarmService3,true,2.0,1.451916303391E12,5.0
73,AssistanceService,true,6.0

74,MedicalService1,true,4.0,1.451916303487E12,6.0
74,AlarmService3,true,2.0,1.451916303567E12,5.0
74,AssistanceService,true,6.0

75,AlarmService3,true,2.0,1.451916303656E12,7.0
75,AssistanceService,true,2.0

76,AlarmService3,true,2.0,1.451916303742E12,5.0
76,AssistanceService,true,2.0

77,MedicalService1,true,4.0,1.451916303817E12,5.0
77,AlarmService3,true,2.0,1.451916303903E12,6.0
77,AssistanceService,true,6.0

78,MedicalService1,true,4.0,1.451916303997E12,7.0
78,DrugService,true,5.0,1.451916304075E12,5.0
78,AssistanceService,true,9.0

79,AlarmService3,true,2.0,1.45191630417E12,11.0
79,AssistanceService,true,2.0

80,MedicalService1,true,4.0,1.451916304264E12,7.0
80,AlarmService3,false
80,AlarmService3,true,2.0,1.451916305438E12,6.0
80,AssistanceService,true,6.0

81,MedicalService1,true,4.0,1.451916305521E12,4.0
81,DrugService,true,5.0,1.451916305592E12,5.0
81,AssistanceService,true,9.0

82,MedicalService1,false
82,MedicalService1,true,4.0,1.451916306798E12,12.0
82,DrugService,true,5.0,1.45191630688E12,6.0
82,AssistanceService,true,9.0

83,AlarmService3,true,2.0,1.451916306968E12,5.0
83,AssistanceService,true,2.0

84,MedicalService1,true,4.0,1.451916307052E12,5.0
84,DrugService,true,5.0,1.451916307133E12,6.0
84,AssistanceService,true,9.0

85,MedicalService1,true,4.0,1.451916307241E12,5.0
85,AlarmService3,true,2.0,1.451916307319E12,5.0
85,AssistanceService,true,6.0

86,AlarmService3,true,2.0,1.451916307416E12,4.0
86,AssistanceService,true,2.0

87,MedicalService1,true,4.0,1.451916307489E12,8.0
87,AlarmService3,true,2.0,1.451916307571E12,5.0
87,AssistanceService,true,6.0

88,MedicalService1,true,4.0,1.451916307667E12,6.0
88,DrugService,true,5.0,1.451916307736E12,4.0
88,AssistanceService,true,9.0

89,MedicalService1,true,4.0,1.451916307829E12,5.0
89,DrugService,true,5.0,1.451916307903E12,8.0
89,AssistanceService,true,9.0

90,AlarmService3,true,2.0,1.451916307993E12,7.0
90,AssistanceService,true,2.0

91,MedicalService1,true,4.0,1.451916308093E12,6.0
91,AlarmService3,true,2.0,1.451916308186E12,13.0
91,AssistanceService,true,6.0

92,AlarmService3,true,2.0,1.451916308283E12,5.0
92,AssistanceService,true,2.0

93,MedicalService1,false
93,MedicalService1,true,4.0,1.451916309487E12,7.0
93,DrugService,true,5.0,1.451916309563E12,12.0
93,AssistanceService,true,9.0

94,MedicalService1,false
94,MedicalService1,true,4.0,1.451916310729E12,6.0
94,DrugService,true,5.0,1.451916310795E12,5.0
94,AssistanceService,true,9.0

95,AlarmService3,true,2.0,1.451916310892E12,8.0
95,AssistanceService,true,2.0

96,MedicalService1,true,4.0,1.451916311012E12,6.0
96,DrugService,true,5.0,1.451916311107E12,7.0
96,AssistanceService,true,9.0

97,MedicalService1,true,4.0,1.451916311239E12,7.0
97,DrugService,true,5.0,1.451916311325E12,7.0
97,AssistanceService,true,9.0

98,MedicalService1,true,4.0,1.451916311428E12,6.0
98,DrugService,true,5.0,1.451916311517E12,6.0
98,AssistanceService,true,9.0

99,MedicalService1,true,4.0,1.451916311628E12,6.0
99,AlarmService3,true,2.0,1.451916311732E12,6.0
99,AssistanceService,true,6.0

100,MedicalService1,true,4.0,1.451916311816E12,9.0
100,DrugService,true,5.0,1.451916311913E12,6.0
100,AssistanceService,true,9.0

101,AlarmService3,true,2.0,1.45191631201E12,6.0
101,AssistanceService,true,2.0

102,MedicalService1,true,4.0,1.451916312129E12,6.0
102,AlarmService3,true,2.0,1.45191631224E12,5.0
102,AssistanceService,true,6.0

103,MedicalService1,true,4.0,1.451916312325E12,6.0
103,AlarmService3,true,2.0,1.451916312413E12,7.0
103,AssistanceService,true,6.0

104,MedicalService1,true,4.0,1.451916312517E12,7.0
104,DrugService,true,5.0,1.451916312603E12,14.0
104,AssistanceService,true,9.0

105,MedicalService1,true,4.0,1.451916312712E12,6.0
105,AlarmService3,true,2.0,1.451916312787E12,7.0
105,AssistanceService,true,6.0

106,MedicalService1,true,4.0,1.451916312865E12,5.0
106,DrugService,true,5.0,1.451916312937E12,6.0
106,AssistanceService,true,9.0

107,AlarmService3,true,2.0,1.451916313055E12,6.0
107,AssistanceService,true,2.0

108,MedicalService1,false
108,MedicalService1,true,4.0,1.451916314273E12,5.0
108,DrugService,true,5.0,1.45191631434E12,5.0
108,AssistanceService,true,9.0

109,MedicalService1,true,4.0,1.451916314417E12,5.0
109,DrugService,true,5.0,1.451916314487E12,7.0
109,AssistanceService,true,9.0

110,AlarmService3,true,2.0,1.451916314581E12,7.0
110,AssistanceService,true,2.0

111,AlarmService3,false
111,AlarmService3,false
111,AssistanceService,false,0.0

112,AlarmService3,true,2.0,1.451916316859E12,5.0
112,AssistanceService,true,2.0

113,MedicalService1,true,4.0,1.451916316946E12,5.0
113,DrugService,true,5.0,1.451916317017E12,7.0
113,AssistanceService,true,9.0

114,AlarmService3,true,2.0,1.451916317088E12,5.0
114,AssistanceService,true,2.0

115,MedicalService1,true,4.0,1.451916317167E12,12.0
115,DrugService,true,5.0,1.451916317237E12,6.0
115,AssistanceService,true,9.0

116,MedicalService1,true,4.0,1.451916317341E12,4.0
116,AlarmService3,false
116,AlarmService3,true,2.0,1.451916318522E12,8.0
116,AssistanceService,true,6.0

117,AlarmService3,true,2.0,1.451916318615E12,9.0
117,AssistanceService,true,2.0

118,MedicalService1,true,4.0,1.451916318711E12,13.0
118,AlarmService3,true,2.0,1.45191631883E12,6.0
118,AssistanceService,true,6.0

119,MedicalService1,true,4.0,1.451916318921E12,6.0
119,DrugService,true,5.0,1.451916319004E12,7.0
119,AssistanceService,true,9.0

120,AlarmService3,true,2.0,1.451916319127E12,8.0
120,AssistanceService,true,2.0

121,MedicalService1,true,4.0,1.45191631925E12,7.0
121,AlarmService3,true,2.0,1.45191631936E12,7.0
121,AssistanceService,true,6.0

122,MedicalService1,true,4.0,1.451916319457E12,7.0
122,DrugService,true,5.0,1.45191631954E12,10.0
122,AssistanceService,true,9.0

123,MedicalService1,true,4.0,1.451916319626E12,5.0
123,DrugService,true,5.0,1.451916319698E12,5.0
123,AssistanceService,true,9.0

124,MedicalService1,true,4.0,1.451916319783E12,13.0
124,DrugService,true,5.0,1.451916319867E12,5.0
124,AssistanceService,true,9.0

125,MedicalService1,true,4.0,1.451916319968E12,6.0
125,AlarmService3,true,2.0,1.451916320042E12,8.0
125,AssistanceService,true,6.0

126,AlarmService3,true,2.0,1.451916320124E12,6.0
126,AssistanceService,true,2.0

127,MedicalService1,true,4.0,1.45191632022E12,6.0
127,AlarmService3,true,2.0,1.451916320309E12,6.0
127,AssistanceService,true,6.0

128,MedicalService1,true,4.0,1.451916320401E12,7.0
128,DrugService,true,5.0,1.451916320488E12,9.0
128,AssistanceService,true,9.0

129,MedicalService1,true,4.0,1.451916320589E12,5.0
129,DrugService,true,5.0,1.451916320656E12,4.0
129,AssistanceService,true,9.0

130,MedicalService1,false
130,MedicalService1,true,4.0,1.451916321852E12,7.0
130,AlarmService3,true,2.0,1.451916321927E12,6.0
130,AssistanceService,true,6.0

131,MedicalService1,true,4.0,1.451916322032E12,6.0
131,DrugService,true,5.0,1.451916322107E12,5.0
131,AssistanceService,true,9.0

132,AlarmService3,true,2.0,1.451916322222E12,8.0
132,AssistanceService,true,2.0

133,AlarmService3,true,2.0,1.451916322327E12,9.0
133,AssistanceService,true,2.0

134,MedicalService4,true,7.3,1.451916322441E12,5.0
134,DrugService,true,5.0,1.451916322507E12,11.0
134,AssistanceService,true,12.3

135,AlarmService3,true,2.0,1.451916322587E12,7.0
135,AssistanceService,true,2.0

136,MedicalService4,true,7.3,1.451916322846E12,6.0
136,DrugService,true,5.0,1.451916322953E12,7.0
136,AssistanceService,true,12.3

137,MedicalService4,true,7.3,1.451916323081E12,5.0
137,DrugService,true,5.0,1.451916323195E12,6.0
137,AssistanceService,true,12.3

138,MedicalService4,true,7.3,1.451916323335E12,8.0
138,DrugService,true,5.0,1.451916323434E12,7.0
138,AssistanceService,true,12.3

139,MedicalService4,true,7.3,1.451916323531E12,6.0
139,AlarmService3,true,2.0,1.451916323624E12,5.0
139,AssistanceService,true,9.3

140,MedicalService4,true,7.3,1.451916323702E12,6.0
140,DrugService,true,5.0,1.451916323771E12,5.0
140,AssistanceService,true,12.3

141,MedicalService4,true,7.3,1.451916323845E12,5.0
141,DrugService,true,5.0,1.451916323914E12,5.0
141,AssistanceService,true,12.3

142,AlarmService3,true,2.0,1.451916324014E12,6.0
142,AssistanceService,true,2.0

143,AlarmService3,true,2.0,1.451916324094E12,6.0
143,AssistanceService,true,2.0

144,MedicalService4,true,7.3,1.451916324203E12,5.0
144,DrugService,true,5.0,1.451916324265E12,8.0
144,AssistanceService,true,12.3

145,MedicalService4,true,7.3,1.451916324344E12,4.0
145,DrugService,true,5.0,1.451916324409E12,4.0
145,AssistanceService,true,12.3

146,MedicalService4,true,7.3,1.451916324485E12,5.0
146,DrugService,true,5.0,1.451916324553E12,5.0
146,AssistanceService,true,12.3

147,MedicalService4,true,7.3,1.451916324627E12,5.0
147,DrugService,true,5.0,1.451916324709E12,5.0
147,AssistanceService,true,12.3

148,AlarmService3,true,2.0,1.451916324787E12,5.0
148,AssistanceService,true,2.0

149,MedicalService4,false
149,MedicalService2,true,14.0,1.451916325954E12,5.0
149,AlarmService3,true,2.0,1.451916326024E12,5.0
149,AssistanceService,true,16.0

150,MedicalService4,true,7.3,1.451916326102E12,6.0
150,DrugService,true,5.0,1.451916326182E12,4.0
150,AssistanceService,true,12.3

151,MedicalService4,true,7.3,1.451916326261E12,5.0
151,AlarmService3,false
151,AlarmService3,true,2.0,1.4519163274E12,5.0
151,AssistanceService,true,9.3

152,MedicalService4,false
152,MedicalService2,true,14.0,1.451916328572E12,4.0
152,DrugService,true,5.0,1.451916328646E12,5.0
152,AssistanceService,true,19.0

153,AlarmService3,true,2.0,1.451916328721E12,5.0
153,AssistanceService,true,2.0

154,MedicalService4,true,7.3,1.451916328797E12,6.0
154,AlarmService3,true,2.0,1.451916328863E12,4.0
154,AssistanceService,true,9.3

155,AlarmService3,false
155,AlarmService3,true,2.0,1.45191633006E12,5.0
155,AssistanceService,true,2.0

156,MedicalService4,true,7.3,1.451916330137E12,17.0
156,DrugService,true,5.0,1.451916330242E12,6.0
156,AssistanceService,true,12.3

157,MedicalService4,true,7.3,1.451916330327E12,8.0
157,AlarmService3,true,2.0,1.451916330403E12,4.0
157,AssistanceService,true,9.3

158,MedicalService4,true,7.3,1.451916330481E12,7.0
158,AlarmService3,true,2.0,1.451916330564E12,6.0
158,AssistanceService,true,9.3

159,MedicalService4,false
159,MedicalService2,true,14.0,1.451916331739E12,6.0
159,DrugService,true,5.0,1.451916331811E12,5.0
159,AssistanceService,true,19.0

160,MedicalService4,true,7.3,1.451916331902E12,7.0
160,AlarmService3,true,2.0,1.451916331986E12,5.0
160,AssistanceService,true,9.3

161,MedicalService4,false
161,MedicalService2,false
161,AssistanceService,false,0.0

162,MedicalService4,true,7.3,1.451916334304E12,6.0
162,DrugService,true,5.0,1.451916334383E12,6.0
162,AssistanceService,true,12.3

163,MedicalService4,false
163,MedicalService2,true,14.0,1.45191633555E12,6.0
163,AlarmService3,false
163,AlarmService3,true,2.0,1.451916336754E12,6.0
163,AssistanceService,true,16.0

164,MedicalService4,false
164,MedicalService2,true,14.0,1.451916337986E12,5.0
164,DrugService,true,5.0,1.45191633806E12,6.0
164,AssistanceService,true,19.0

165,AlarmService3,true,2.0,1.451916338137E12,5.0
165,AssistanceService,true,2.0

166,MedicalService4,true,7.3,1.451916338225E12,4.0
166,DrugService,true,5.0,1.451916338294E12,7.0
166,AssistanceService,true,12.3

167,MedicalService4,true,7.3,1.451916338379E12,5.0
167,DrugService,true,5.0,1.451916338453E12,5.0
167,AssistanceService,true,12.3

168,MedicalService4,true,7.3,1.451916338528E12,5.0
168,DrugService,true,5.0,1.4519163386E12,4.0
168,AssistanceService,true,12.3

169,MedicalService4,true,7.3,1.451916338677E12,7.0
169,DrugService,true,5.0,1.451916338745E12,5.0
169,AssistanceService,true,12.3

170,MedicalService4,true,7.3,1.451916338819E12,5.0
170,AlarmService3,true,2.0,1.451916338898E12,5.0
170,AssistanceService,true,9.3

171,AlarmService3,true,2.0,1.451916338977E12,6.0
171,AssistanceService,true,2.0

172,MedicalService4,true,7.3,1.451916339052E12,5.0
172,DrugService,true,5.0,1.451916339122E12,5.0
172,AssistanceService,true,12.3

173,MedicalService4,true,7.3,1.451916339209E12,5.0
173,DrugService,true,5.0,1.451916339274E12,4.0
173,AssistanceService,true,12.3

174,AlarmService3,false
174,AlarmService3,true,2.0,1.451916340425E12,6.0
174,AssistanceService,true,2.0

175,MedicalService4,true,7.3,1.451916340501E12,5.0
175,DrugService,true,5.0,1.451916340569E12,4.0
175,AssistanceService,true,12.3

176,MedicalService4,true,7.3,1.45191634064E12,5.0
176,AlarmService3,false
176,AlarmService3,true,2.0,1.45191634179E12,4.0
176,AssistanceService,true,9.3

177,MedicalService4,true,7.3,1.451916341866E12,6.0
177,DrugService,true,5.0,1.451916341943E12,6.0
177,AssistanceService,true,12.3

178,MedicalService4,false
178,MedicalService2,true,14.0,1.451916343098E12,6.0
178,AlarmService3,true,2.0,1.451916343185E12,4.0
178,AssistanceService,true,16.0

179,MedicalService4,true,7.3,1.451916343264E12,14.0
179,DrugService,true,5.0,1.451916343342E12,8.0
179,AssistanceService,true,12.3

180,AlarmService3,true,2.0,1.451916343416E12,5.0
180,AssistanceService,true,2.0

181,MedicalService4,true,7.3,1.451916343488E12,6.0
181,DrugService,true,5.0,1.451916343558E12,5.0
181,AssistanceService,true,12.3

182,AlarmService3,true,2.0,1.451916343636E12,4.0
182,AssistanceService,true,2.0

183,MedicalService4,false
183,MedicalService2,true,14.0,1.451916344802E12,4.0
183,DrugService,true,5.0,1.451916344867E12,5.0
183,AssistanceService,true,19.0

184,MedicalService4,true,7.3,1.451916344941E12,4.0
184,AlarmService3,true,2.0,1.451916345012E12,4.0
184,AssistanceService,true,9.3

185,AlarmService3,true,2.0,1.451916345087E12,4.0
185,AssistanceService,true,2.0

186,AlarmService3,true,2.0,1.451916345166E12,7.0
186,AssistanceService,true,2.0

187,MedicalService4,true,7.3,1.451916345249E12,6.0
187,DrugService,true,5.0,1.451916345325E12,6.0
187,AssistanceService,true,12.3

188,MedicalService4,true,7.3,1.451916345398E12,5.0
188,DrugService,true,5.0,1.45191634547E12,5.0
188,AssistanceService,true,12.3

189,MedicalService4,true,7.3,1.451916345547E12,6.0
189,AlarmService3,true,2.0,1.451916345617E12,5.0
189,AssistanceService,true,9.3

190,MedicalService4,true,7.3,1.451916345692E12,6.0
190,AlarmService3,false
190,AlarmService3,false
190,AssistanceService,false,7.3

191,MedicalService4,true,7.3,1.451916348028E12,6.0
191,DrugService,true,5.0,1.451916348095E12,5.0
191,AssistanceService,true,12.3

192,MedicalService4,false
192,MedicalService2,true,14.0,1.451916349255E12,5.0
192,DrugService,true,5.0,1.451916349332E12,5.0
192,AssistanceService,true,19.0

193,MedicalService4,true,7.3,1.451916349433E12,5.0
193,DrugService,true,5.0,1.451916349515E12,6.0
193,AssistanceService,true,12.3

194,AlarmService3,true,2.0,1.45191634961E12,6.0
194,AssistanceService,true,2.0

195,MedicalService4,true,7.3,1.451916349702E12,5.0
195,AlarmService3,true,2.0,1.451916349771E12,5.0
195,AssistanceService,true,9.3

196,MedicalService4,true,7.3,1.451916349843E12,4.0
196,DrugService,true,5.0,1.451916349939E12,6.0
196,AssistanceService,true,12.3

197,MedicalService4,true,7.3,1.451916350023E12,7.0
197,DrugService,true,5.0,1.451916350108E12,6.0
197,AssistanceService,true,12.3

198,MedicalService4,false
198,MedicalService2,false
198,AssistanceService,false,0.0

199,MedicalService4,false
199,MedicalService2,true,14.0,1.451916353515E12,5.0
199,AlarmService3,true,2.0,1.451916353581E12,4.0
199,AssistanceService,true,16.0

200,MedicalService4,true,7.3,1.451916353658E12,5.0
200,DrugService,true,5.0,1.451916353724E12,5.0
200,AssistanceService,true,12.3

201,MedicalService4,true,7.3,1.451916353796E12,4.0
201,DrugService,true,5.0,1.451916353861E12,5.0
201,AssistanceService,true,12.3

202,MedicalService4,true,7.3,1.451916353949E12,4.0
202,AlarmService3,true,2.0,1.45191635402E12,4.0
202,AssistanceService,true,9.3

203,MedicalService4,true,7.3,1.451916354091E12,5.0
203,DrugService,true,5.0,1.451916354175E12,10.0
203,AssistanceService,true,12.3

204,AlarmService3,true,2.0,1.45191635425E12,4.0
204,AssistanceService,true,2.0

205,MedicalService4,true,7.3,1.451916354319E12,4.0
205,DrugService,true,5.0,1.451916354386E12,13.0
205,AssistanceService,true,12.3

206,MedicalService4,true,7.3,1.451916354463E12,5.0
206,AlarmService3,true,2.0,1.45191635454E12,5.0
206,AssistanceService,true,9.3

207,MedicalService4,true,7.3,1.451916354617E12,4.0
207,DrugService,true,5.0,1.451916354683E12,4.0
207,AssistanceService,true,12.3

208,MedicalService4,true,7.3,1.451916354758E12,5.0
208,DrugService,true,5.0,1.45191635483E12,7.0
208,AssistanceService,true,12.3

209,MedicalService4,true,7.3,1.451916354906E12,9.0
209,DrugService,true,5.0,1.451916354979E12,4.0
209,AssistanceService,true,12.3

210,AlarmService3,true,2.0,1.451916355048E12,5.0
210,AssistanceService,true,2.0

211,MedicalService4,true,7.3,1.451916355123E12,6.0
211,DrugService,true,5.0,1.451916355202E12,5.0
211,AssistanceService,true,12.3

212,AlarmService3,true,2.0,1.451916355275E12,6.0
212,AssistanceService,true,2.0

213,AlarmService3,true,2.0,1.451916355349E12,4.0
213,AssistanceService,true,2.0

214,MedicalService4,false
214,MedicalService2,true,14.0,1.451916357064E12,5.0
214,DrugService,true,5.0,1.451916357139E12,4.0
214,AssistanceService,true,19.0

215,MedicalService4,false
215,MedicalService2,true,14.0,1.451916358324E12,5.0
215,DrugService,true,5.0,1.4519163584E12,4.0
215,AssistanceService,true,19.0

216,MedicalService4,true,7.3,1.451916358532E12,7.0
216,AlarmService3,false
216,AlarmService3,true,2.0,1.451916359801E12,6.0
216,AssistanceService,true,9.3

217,MedicalService4,true,7.3,1.451916359885E12,5.0
217,DrugService,true,5.0,1.451916360038E12,5.0
217,AssistanceService,true,12.3

218,MedicalService4,true,7.3,1.451916360151E12,20.0
218,DrugService,true,5.0,1.451916360263E12,6.0
218,AssistanceService,true,12.3

219,MedicalService4,true,7.3,1.451916360356E12,8.0
219,DrugService,true,5.0,1.451916360451E12,7.0
219,AssistanceService,true,12.3

220,MedicalService4,true,7.3,1.451916360555E12,6.0
220,AlarmService3,true,2.0,1.451916360687E12,5.0
220,AssistanceService,true,9.3

221,AlarmService3,true,2.0,1.451916360793E12,4.0
221,AssistanceService,true,2.0

222,MedicalService4,true,7.3,1.451916360882E12,9.0
222,AlarmService3,true,2.0,1.45191636098E12,8.0
222,AssistanceService,true,9.3

223,AlarmService3,true,2.0,1.451916361077E12,6.0
223,AssistanceService,true,2.0

224,MedicalService4,true,7.3,1.451916361213E12,6.0
224,DrugService,true,5.0,1.451916361363E12,4.0
224,AssistanceService,true,12.3

225,AlarmService3,true,2.0,1.451916361474E12,6.0
225,AssistanceService,true,2.0

226,AlarmService3,true,2.0,1.451916361597E12,6.0
226,AssistanceService,true,2.0

227,AlarmService3,false
227,AlarmService3,true,2.0,1.451916362813E12,5.0
227,AssistanceService,true,2.0

228,AlarmService3,true,2.0,1.451916362888E12,5.0
228,AssistanceService,true,2.0

229,MedicalService4,true,7.3,1.451916362975E12,6.0
229,DrugService,true,5.0,1.451916363056E12,5.0
229,AssistanceService,true,12.3

230,MedicalService4,true,7.3,1.451916363131E12,5.0
230,DrugService,true,5.0,1.451916363227E12,6.0
230,AssistanceService,true,12.3

231,MedicalService4,true,7.3,1.451916363314E12,6.0
231,DrugService,true,5.0,1.451916363385E12,5.0
231,AssistanceService,true,12.3

232,AlarmService3,true,2.0,1.45191636347E12,5.0
232,AssistanceService,true,2.0

233,MedicalService4,true,7.3,1.451916363559E12,5.0
233,AlarmService3,true,2.0,1.451916363637E12,5.0
233,AssistanceService,true,9.3

234,MedicalService4,true,7.3,1.451916363714E12,6.0
234,DrugService,true,5.0,1.451916363789E12,5.0
234,AssistanceService,true,12.3

235,MedicalService4,false
235,MedicalService2,true,14.0,1.451916364998E12,5.0
235,DrugService,true,5.0,1.451916365063E12,5.0
235,AssistanceService,true,19.0

236,MedicalService4,true,7.3,1.451916365137E12,5.0
236,DrugService,true,5.0,1.451916365224E12,6.0
236,AssistanceService,true,12.3

237,AlarmService3,true,2.0,1.451916365305E12,5.0
237,AssistanceService,true,2.0

238,MedicalService4,true,7.3,1.451916365395E12,6.0
238,DrugService,true,5.0,1.451916365505E12,7.0
238,AssistanceService,true,12.3

239,AlarmService3,true,2.0,1.45191636559E12,5.0
239,AssistanceService,true,2.0

240,MedicalService4,true,7.3,1.451916365661E12,7.0
240,DrugService,true,5.0,1.451916365731E12,3.0
240,AssistanceService,true,12.3

241,MedicalService4,false
241,MedicalService2,true,14.0,1.451916366928E12,5.0
241,DrugService,true,5.0,1.451916367011E12,6.0
241,AssistanceService,true,19.0

242,MedicalService4,true,7.3,1.451916367088E12,4.0
242,DrugService,true,5.0,1.451916367153E12,10.0
242,AssistanceService,true,12.3

243,MedicalService4,true,7.3,1.451916367244E12,6.0
243,AlarmService3,false
243,AlarmService3,true,2.0,1.451916368409E12,5.0
243,AssistanceService,true,9.3

244,MedicalService4,false
244,MedicalService2,true,14.0,1.451916369611E12,5.0
244,DrugService,true,5.0,1.451916369682E12,5.0
244,AssistanceService,true,19.0

245,MedicalService4,true,7.3,1.451916369773E12,6.0
245,DrugService,true,5.0,1.451916369848E12,6.0
245,AssistanceService,true,12.3

246,AlarmService3,true,2.0,1.45191636993E12,6.0
246,AssistanceService,true,2.0

247,MedicalService4,true,7.3,1.451916370007E12,5.0
247,DrugService,true,5.0,1.451916370085E12,5.0
247,AssistanceService,true,12.3

248,AlarmService3,true,2.0,1.451916370174E12,7.0
248,AssistanceService,true,2.0

249,MedicalService4,true,7.3,1.451916370252E12,6.0
249,DrugService,true,5.0,1.451916370333E12,7.0
249,AssistanceService,true,12.3

250,MedicalService4,false
250,MedicalService2,true,14.0,1.451916371525E12,6.0
250,DrugService,true,5.0,1.451916371667E12,8.0
250,AssistanceService,true,19.0

251,MedicalService4,true,7.3,1.451916371857E12,6.0
251,AlarmService3,true,2.0,1.451916371961E12,7.0
251,AssistanceService,true,9.3

252,AlarmService3,true,2.0,1.451916372266E12,8.0
252,AssistanceService,true,2.0

253,MedicalService4,true,7.3,1.451916372354E12,5.0
253,DrugService,true,5.0,1.451916372432E12,6.0
253,AssistanceService,true,12.3

254,AlarmService3,true,2.0,1.451916372515E12,9.0
254,AssistanceService,true,2.0

255,MedicalService4,true,7.3,1.451916372661E12,5.0
255,DrugService,true,5.0,1.45191637273E12,6.0
255,AssistanceService,true,12.3

256,MedicalService4,false
256,MedicalService2,true,14.0,1.451916374062E12,4.0
256,AlarmService3,true,2.0,1.451916374144E12,8.0
256,AssistanceService,true,16.0

257,MedicalService4,false
257,MedicalService2,true,14.0,1.451916375375E12,8.0
257,DrugService,true,5.0,1.451916375461E12,5.0
257,AssistanceService,true,19.0

258,MedicalService4,true,7.3,1.451916375551E12,5.0
258,DrugService,true,5.0,1.451916375625E12,8.0
258,AssistanceService,true,12.3

259,MedicalService4,true,7.3,1.451916375708E12,8.0
259,AlarmService3,false
259,AlarmService3,true,2.0,1.451916376926E12,7.0
259,AssistanceService,true,9.3

260,MedicalService4,true,7.3,1.451916377015E12,5.0
260,DrugService,true,5.0,1.451916377086E12,6.0
260,AssistanceService,true,12.3

261,MedicalService4,true,7.3,1.45191637717E12,9.0
261,DrugService,true,5.0,1.45191637724E12,5.0
261,AssistanceService,true,12.3

262,AlarmService3,true,2.0,1.451916377318E12,4.0
262,AssistanceService,true,2.0

263,AlarmService3,false
263,AlarmService3,true,2.0,1.45191637849E12,6.0
263,AssistanceService,true,2.0

264,AlarmService3,true,2.0,1.451916378608E12,13.0
264,AssistanceService,true,2.0

265,AlarmService3,true,2.0,1.451916378716E12,5.0
265,AssistanceService,true,2.0

266,MedicalService4,false
266,MedicalService2,true,14.0,1.451916379924E12,5.0
266,AlarmService3,true,2.0,1.451916379997E12,5.0
266,AssistanceService,true,16.0

267,MedicalService4,true,7.3,1.451916380278E12,4.0
267,AlarmService3,true,2.0,1.451916380349E12,5.0
267,AssistanceService,true,9.3

268,AlarmService3,true,2.0,1.451916380442E12,6.0
268,AssistanceService,true,2.0

269,MedicalService4,true,7.3,1.451916380554E12,9.0
269,DrugService,true,5.0,1.451916380678E12,6.0
269,AssistanceService,true,12.3

270,MedicalService4,true,7.3,1.451916380776E12,6.0
270,AlarmService3,true,2.0,1.451916380859E12,5.0
270,AssistanceService,true,9.3

271,MedicalService4,true,7.3,1.451916380943E12,5.0
271,DrugService,true,5.0,1.451916381006E12,5.0
271,AssistanceService,true,12.3

272,MedicalService4,true,7.3,1.451916381087E12,6.0
272,AlarmService3,true,2.0,1.451916381158E12,13.0
272,AssistanceService,true,9.3

273,MedicalService4,false
273,MedicalService2,false
273,AssistanceService,false,0.0

274,MedicalService4,true,7.3,1.451916383491E12,4.0
274,DrugService,true,5.0,1.451916383568E12,5.0
274,AssistanceService,true,12.3

275,MedicalService4,true,7.3,1.451916383647E12,7.0
275,AlarmService3,true,2.0,1.451916383728E12,5.0
275,AssistanceService,true,9.3

276,MedicalService4,true,7.3,1.451916383803E12,6.0
276,AlarmService3,false
276,AlarmService3,true,2.0,1.45191638498E12,6.0
276,AssistanceService,true,9.3

277,MedicalService4,true,7.3,1.451916385076E12,8.0
277,DrugService,true,5.0,1.451916385178E12,12.0
277,AssistanceService,true,12.3

278,AlarmService3,false
278,AlarmService3,true,2.0,1.451916386358E12,6.0
278,AssistanceService,true,2.0

279,MedicalService4,true,7.3,1.451916386894E12,5.0
279,DrugService,true,5.0,1.45191638698E12,5.0
279,AssistanceService,true,12.3

280,MedicalService4,false
280,MedicalService2,true,14.0,1.451916388234E12,9.0
280,DrugService,true,5.0,1.451916388347E12,9.0
280,AssistanceService,true,19.0

281,MedicalService4,true,7.3,1.451916388474E12,8.0
281,AlarmService3,true,2.0,1.451916388589E12,8.0
281,AssistanceService,true,9.3

282,MedicalService4,true,7.3,1.451916388727E12,6.0
282,DrugService,true,5.0,1.451916388818E12,8.0
282,AssistanceService,true,12.3

283,MedicalService4,true,7.3,1.451916388948E12,8.0
283,DrugService,true,5.0,1.451916389069E12,8.0
283,AssistanceService,true,12.3

284,MedicalService4,false
284,MedicalService2,true,14.0,1.451916390342E12,17.0
284,DrugService,true,5.0,1.451916390457E12,8.0
284,AssistanceService,true,19.0

285,AlarmService3,true,2.0,1.451916390557E12,8.0
285,AssistanceService,true,2.0

286,MedicalService4,false
286,MedicalService2,true,14.0,1.451916391779E12,7.0
286,DrugService,true,5.0,1.451916391869E12,10.0
286,AssistanceService,true,19.0

287,AlarmService3,true,2.0,1.451916391974E12,7.0
287,AssistanceService,true,2.0

288,AlarmService3,true,2.0,1.451916392092E12,6.0
288,AssistanceService,true,2.0

289,AlarmService3,true,2.0,1.451916392226E12,7.0
289,AssistanceService,true,2.0

290,MedicalService4,false
290,MedicalService2,true,14.0,1.451916393427E12,8.0
290,DrugService,true,5.0,1.451916393503E12,6.0
290,AssistanceService,true,19.0

291,MedicalService4,false
291,MedicalService2,true,14.0,1.45191639469E12,5.0
291,DrugService,true,5.0,1.451916394764E12,5.0
291,AssistanceService,true,19.0

292,MedicalService4,true,7.3,1.451916394853E12,7.0
292,AlarmService3,false
292,AlarmService3,true,2.0,1.451916396039E12,5.0
292,AssistanceService,true,9.3

293,MedicalService4,true,7.3,1.451916396142E12,19.0
293,DrugService,true,5.0,1.451916396255E12,6.0
293,AssistanceService,true,12.3

294,MedicalService4,true,7.3,1.451916396333E12,4.0
294,DrugService,true,5.0,1.451916396394E12,5.0
294,AssistanceService,true,12.3

295,MedicalService4,true,7.3,1.451916396478E12,6.0
295,AlarmService3,true,2.0,1.451916396556E12,7.0
295,AssistanceService,true,9.3

296,MedicalService4,true,7.3,1.451916396639E12,6.0
296,DrugService,true,5.0,1.451916396715E12,7.0
296,AssistanceService,true,12.3

297,MedicalService4,false
297,MedicalService2,true,14.0,1.451916397935E12,6.0
297,AlarmService3,true,2.0,1.451916398007E12,5.0
297,AssistanceService,true,16.0

298,AlarmService3,true,2.0,1.451916398089E12,8.0
298,AssistanceService,true,2.0

299,MedicalService4,true,7.3,1.451916398183E12,7.0
299,DrugService,true,5.0,1.451916398263E12,6.0
299,AssistanceService,true,12.3

300,MedicalService4,false
300,MedicalService2,false
300,AssistanceService,false,0.0

301,MedicalService4,true,7.3,1.451916400523E12,6.0
301,DrugService,true,5.0,1.451916400597E12,6.0
301,AssistanceService,true,12.3

302,AlarmService3,true,2.0,1.451916400683E12,5.0
302,AssistanceService,true,2.0

303,MedicalService4,true,7.3,1.451916400768E12,5.0
303,DrugService,true,5.0,1.45191640084E12,5.0
303,AssistanceService,true,12.3

304,MedicalService4,true,7.3,1.451916400916E12,6.0
304,DrugService,true,5.0,1.451916400987E12,5.0
304,AssistanceService,true,12.3

305,MedicalService4,true,7.3,1.451916401061E12,5.0
305,DrugService,true,5.0,1.451916401137E12,4.0
305,AssistanceService,true,12.3

306,MedicalService4,true,7.3,1.451916401226E12,4.0
306,DrugService,true,5.0,1.451916401298E12,8.0
306,AssistanceService,true,12.3

307,MedicalService4,true,7.3,1.451916401388E12,5.0
307,DrugService,true,5.0,1.451916401458E12,5.0
307,AssistanceService,true,12.3

308,AlarmService3,true,2.0,1.451916401529E12,6.0
308,AssistanceService,true,2.0

309,MedicalService4,true,7.3,1.451916401619E12,6.0
309,DrugService,true,5.0,1.451916401688E12,4.0
309,AssistanceService,true,12.3

310,AlarmService3,true,2.0,1.451916401758E12,4.0
310,AssistanceService,true,2.0

311,AlarmService3,true,2.0,1.451916401842E12,5.0
311,AssistanceService,true,2.0

312,MedicalService4,true,7.3,1.451916401918E12,5.0
312,AlarmService3,true,2.0,1.45191640199E12,5.0
312,AssistanceService,true,9.3

313,MedicalService4,true,7.3,1.451916402066E12,7.0
313,AlarmService3,true,2.0,1.451916402134E12,5.0
313,AssistanceService,true,9.3

314,MedicalService4,true,7.3,1.451916402222E12,4.0
314,DrugService,true,5.0,1.451916402289E12,4.0
314,AssistanceService,true,12.3

315,AlarmService3,true,2.0,1.451916402365E12,5.0
315,AssistanceService,true,2.0

316,AlarmService3,true,2.0,1.451916402437E12,5.0
316,AssistanceService,true,2.0

317,MedicalService4,false
317,MedicalService2,false
317,AssistanceService,false,0.0

318,MedicalService4,true,7.3,1.451916404757E12,6.0
318,AlarmService3,true,2.0,1.451916404823E12,5.0
318,AssistanceService,true,9.3

319,MedicalService4,true,7.3,1.451916404904E12,6.0
319,DrugService,true,5.0,1.451916404973E12,5.0
319,AssistanceService,true,12.3

320,MedicalService4,true,7.3,1.451916405046E12,6.0
320,DrugService,true,5.0,1.45191640511E12,5.0
320,AssistanceService,true,12.3

321,MedicalService4,true,7.3,1.451916405205E12,7.0
321,DrugService,true,5.0,1.451916405273E12,5.0
321,AssistanceService,true,12.3

322,MedicalService4,true,7.3,1.451916405347E12,12.0
322,AlarmService3,true,2.0,1.451916405423E12,5.0
322,AssistanceService,true,9.3

323,MedicalService4,true,7.3,1.451916405498E12,6.0
323,AlarmService3,true,2.0,1.45191640557E12,5.0
323,AssistanceService,true,9.3

324,MedicalService4,true,7.3,1.451916405654E12,4.0
324,DrugService,true,5.0,1.451916405719E12,5.0
324,AssistanceService,true,12.3

325,MedicalService4,true,7.3,1.451916405792E12,5.0
325,DrugService,true,5.0,1.45191640586E12,5.0
325,AssistanceService,true,12.3

326,MedicalService4,false
326,MedicalService2,true,14.0,1.451916407027E12,6.0
326,AlarmService3,true,2.0,1.451916407095E12,7.0
326,AssistanceService,true,16.0

327,MedicalService4,true,7.3,1.451916407193E12,7.0
327,AlarmService3,true,2.0,1.45191640726E12,5.0
327,AssistanceService,true,9.3

328,MedicalService4,false
328,MedicalService2,true,14.0,1.45191640846E12,5.0
328,AlarmService3,true,2.0,1.451916408525E12,5.0
328,AssistanceService,true,16.0

329,MedicalService4,false
329,MedicalService2,true,14.0,1.45191640972E12,7.0
329,DrugService,true,5.0,1.451916409787E12,6.0
329,AssistanceService,true,19.0

330,MedicalService4,true,7.3,1.451916409863E12,6.0
330,DrugService,true,5.0,1.451916409939E12,6.0
330,AssistanceService,true,12.3

331,AlarmService3,true,2.0,1.451916410008E12,5.0
331,AssistanceService,true,2.0

332,MedicalService4,false
332,MedicalService2,true,14.0,1.451916411175E12,11.0
332,AlarmService3,true,2.0,1.451916411247E12,6.0
332,AssistanceService,true,16.0

333,MedicalService4,false
333,MedicalService2,true,14.0,1.451916412408E12,5.0
333,AlarmService3,true,2.0,1.451916412471E12,5.0
333,AssistanceService,true,16.0

334,AlarmService3,true,2.0,1.451916412546E12,5.0
334,AssistanceService,true,2.0

335,MedicalService4,true,7.3,1.451916412623E12,5.0
335,AlarmService3,true,2.0,1.45191641269E12,5.0
335,AssistanceService,true,9.3

336,AlarmService3,false
336,AlarmService3,true,2.0,1.451916413864E12,8.0
336,AssistanceService,true,2.0

337,MedicalService4,false
337,MedicalService2,true,14.0,1.451916415076E12,7.0
337,DrugService,true,5.0,1.451916415156E12,13.0
337,AssistanceService,true,19.0

338,MedicalService4,true,7.3,1.451916415274E12,7.0
338,DrugService,true,5.0,1.451916415354E12,7.0
338,AssistanceService,true,12.3

339,AlarmService3,true,2.0,1.451916415452E12,8.0
339,AssistanceService,true,2.0

340,MedicalService4,true,7.3,1.45191641555E12,12.0
340,AlarmService3,true,2.0,1.451916415671E12,8.0
340,AssistanceService,true,9.3

341,MedicalService4,false
341,MedicalService2,true,14.0,1.451916416841E12,11.0
341,DrugService,true,5.0,1.451916416938E12,6.0
341,AssistanceService,true,19.0

342,MedicalService4,true,7.3,1.45191641702E12,5.0
342,DrugService,true,5.0,1.451916417086E12,5.0
342,AssistanceService,true,12.3

343,AlarmService3,true,2.0,1.451916417166E12,7.0
343,AssistanceService,true,2.0

344,AlarmService3,true,2.0,1.451916417252E12,6.0
344,AssistanceService,true,2.0

345,AlarmService3,true,2.0,1.451916417324E12,5.0
345,AssistanceService,true,2.0

346,MedicalService4,true,7.3,1.451916417395E12,5.0
346,DrugService,true,5.0,1.451916417463E12,4.0
346,AssistanceService,true,12.3

347,MedicalService4,true,7.3,1.451916417541E12,5.0
347,AlarmService3,true,2.0,1.451916417614E12,4.0
347,AssistanceService,true,9.3

348,MedicalService4,false
348,MedicalService2,true,14.0,1.451916418798E12,6.0
348,DrugService,true,5.0,1.451916418865E12,5.0
348,AssistanceService,true,19.0

349,MedicalService4,true,7.3,1.451916418938E12,6.0
349,DrugService,true,5.0,1.451916419004E12,7.0
349,AssistanceService,true,12.3

350,MedicalService4,true,7.3,1.451916419086E12,6.0
350,AlarmService3,true,2.0,1.451916419157E12,11.0
350,AssistanceService,true,9.3

351,MedicalService4,true,7.3,1.451916419253E12,5.0
351,DrugService,true,5.0,1.451916419318E12,5.0
351,AssistanceService,true,12.3

352,MedicalService4,true,7.3,1.451916419392E12,4.0
352,AlarmService3,true,2.0,1.451916419454E12,6.0
352,AssistanceService,true,9.3

353,MedicalService4,true,7.3,1.451916419534E12,12.0
353,DrugService,true,5.0,1.451916419609E12,5.0
353,AssistanceService,true,12.3

354,MedicalService4,true,7.3,1.451916419682E12,8.0
354,DrugService,true,5.0,1.45191641975E12,6.0
354,AssistanceService,true,12.3

355,MedicalService4,true,7.3,1.451916419821E12,6.0
355,DrugService,true,5.0,1.451916419889E12,5.0
355,AssistanceService,true,12.3

356,MedicalService4,false
356,MedicalService2,true,14.0,1.45191642106E12,5.0
356,AlarmService3,true,2.0,1.451916421126E12,6.0
356,AssistanceService,true,16.0

357,AlarmService3,true,2.0,1.451916421211E12,5.0
357,AssistanceService,true,2.0

358,MedicalService4,false
358,MedicalService2,true,14.0,1.45191642238E12,6.0
358,DrugService,true,5.0,1.451916422464E12,5.0
358,AssistanceService,true,19.0

359,MedicalService4,true,7.3,1.451916422604E12,10.0
359,AlarmService3,true,2.0,1.451916422696E12,6.0
359,AssistanceService,true,9.3

360,AlarmService3,true,2.0,1.451916422794E12,7.0
360,AssistanceService,true,2.0

361,MedicalService4,true,7.3,1.451916422896E12,7.0
361,AlarmService3,true,2.0,1.451916422974E12,6.0
361,AssistanceService,true,9.3

362,MedicalService4,true,7.3,1.451916423072E12,5.0
362,DrugService,true,5.0,1.451916423149E12,7.0
362,AssistanceService,true,12.3

363,MedicalService4,true,7.3,1.451916423264E12,8.0
363,DrugService,true,5.0,1.451916423361E12,6.0
363,AssistanceService,true,12.3

364,AlarmService3,true,2.0,1.451916423451E12,5.0
364,AssistanceService,true,2.0

365,AlarmService3,true,2.0,1.451916423541E12,8.0
365,AssistanceService,true,2.0

366,AlarmService3,true,2.0,1.451916423647E12,7.0
366,AssistanceService,true,2.0

367,MedicalService4,true,7.3,1.451916423734E12,8.0
367,DrugService,true,5.0,1.451916423826E12,7.0
367,AssistanceService,true,12.3

368,MedicalService4,true,7.3,1.451916423923E12,6.0
368,DrugService,true,5.0,1.451916424023E12,6.0
368,AssistanceService,true,12.3

369,AlarmService3,true,2.0,1.45191642411E12,6.0
369,AssistanceService,true,2.0

370,AlarmService3,true,2.0,1.451916424241E12,6.0
370,AssistanceService,true,2.0

371,MedicalService4,true,7.3,1.451916424325E12,6.0
371,DrugService,true,5.0,1.451916424398E12,5.0
371,AssistanceService,true,12.3

372,MedicalService4,false
372,MedicalService2,true,14.0,1.45191642555E12,4.0
372,AlarmService3,false
372,AlarmService3,true,2.0,1.451916426705E12,6.0
372,AssistanceService,true,16.0

373,MedicalService4,true,7.3,1.451916426777E12,6.0
373,DrugService,true,5.0,1.451916426846E12,7.0
373,AssistanceService,true,12.3

374,MedicalService4,true,7.3,1.451916426925E12,14.0
374,DrugService,true,5.0,1.451916427004E12,6.0
374,AssistanceService,true,12.3

375,MedicalService4,true,7.3,1.451916427088E12,5.0
375,DrugService,true,5.0,1.451916427155E12,9.0
375,AssistanceService,true,12.3

376,MedicalService4,true,7.3,1.451916427251E12,6.0
376,DrugService,true,5.0,1.45191642732E12,6.0
376,AssistanceService,true,12.3

377,MedicalService4,true,7.3,1.45191642743E12,5.0
377,AlarmService3,true,2.0,1.451916427498E12,7.0
377,AssistanceService,true,9.3

378,MedicalService4,true,7.3,1.451916427581E12,7.0
378,AlarmService3,true,2.0,1.451916427649E12,6.0
378,AssistanceService,true,9.3

379,MedicalService4,true,7.3,1.451916427724E12,6.0
379,DrugService,true,5.0,1.451916427797E12,8.0
379,AssistanceService,true,12.3

380,MedicalService4,true,7.3,1.451916427886E12,6.0
380,AlarmService3,true,2.0,1.451916427953E12,6.0
380,AssistanceService,true,9.3

381,MedicalService4,false
381,MedicalService2,true,14.0,1.451916429107E12,9.0
381,AlarmService3,true,2.0,1.451916429206E12,6.0
381,AssistanceService,true,16.0

382,MedicalService4,true,7.3,1.451916429277E12,4.0
382,DrugService,true,5.0,1.451916429341E12,6.0
382,AssistanceService,true,12.3

383,MedicalService4,true,7.3,1.45191642943E12,5.0
383,AlarmService3,true,2.0,1.4519164295E12,6.0
383,AssistanceService,true,9.3

384,MedicalService4,false
384,MedicalService2,true,14.0,1.451916430703E12,5.0
384,DrugService,true,5.0,1.451916430768E12,6.0
384,AssistanceService,true,19.0

385,MedicalService4,true,7.3,1.451916430841E12,5.0
385,DrugService,true,5.0,1.451916430912E12,5.0
385,AssistanceService,true,12.3

386,MedicalService4,true,7.3,1.451916430985E12,6.0
386,DrugService,true,5.0,1.45191643106E12,5.0
386,AssistanceService,true,12.3

387,AlarmService3,false
387,AlarmService3,true,2.0,1.451916432267E12,5.0
387,AssistanceService,true,2.0

388,MedicalService4,true,7.3,1.451916432345E12,6.0
388,DrugService,true,5.0,1.451916432408E12,5.0
388,AssistanceService,true,12.3

389,AlarmService3,true,2.0,1.451916432487E12,6.0
389,AssistanceService,true,2.0

390,MedicalService4,true,7.3,1.451916432567E12,6.0
390,AlarmService3,true,2.0,1.451916432646E12,5.0
390,AssistanceService,true,9.3

391,MedicalService4,true,7.3,1.451916432723E12,6.0
391,AlarmService3,true,2.0,1.451916432804E12,8.0
391,AssistanceService,true,9.3

392,MedicalService4,true,7.3,1.45191643291E12,7.0
392,DrugService,true,5.0,1.451916433031E12,7.0
392,AssistanceService,true,12.3

393,MedicalService4,true,7.3,1.451916433126E12,8.0
393,DrugService,true,5.0,1.451916433239E12,8.0
393,AssistanceService,true,12.3

394,MedicalService4,true,7.3,1.451916433338E12,6.0
394,DrugService,true,5.0,1.451916433416E12,6.0
394,AssistanceService,true,12.3

395,MedicalService4,false
395,MedicalService2,true,14.0,1.4519164346E12,6.0
395,AlarmService3,true,2.0,1.451916434665E12,5.0
395,AssistanceService,true,16.0

396,MedicalService4,false
396,MedicalService2,true,14.0,1.451916435874E12,9.0
396,DrugService,true,5.0,1.451916435944E12,6.0
396,AssistanceService,true,19.0

397,MedicalService4,false
397,MedicalService2,true,14.0,1.451916437152E12,9.0
397,AlarmService3,true,2.0,1.451916437232E12,6.0
397,AssistanceService,true,16.0

398,MedicalService4,true,7.3,1.451916437316E12,7.0
398,AlarmService3,true,2.0,1.451916437389E12,6.0
398,AssistanceService,true,9.3

399,MedicalService4,false
399,MedicalService2,true,14.0,1.451916438552E12,6.0
399,DrugService,true,5.0,1.451916438632E12,6.0
399,AssistanceService,true,19.0

400,MedicalService4,true,7.3,1.451916438705E12,6.0
400,DrugService,true,5.0,1.451916438773E12,5.0
400,AssistanceService,true,12.3

401,MedicalService4,true,7.3,1.451916438857E12,6.0
401,DrugService,true,5.0,1.451916438923E12,4.0
401,AssistanceService,true,12.3

402,MedicalService4,false
402,MedicalService2,true,14.0,1.4519164401E12,7.0
402,AlarmService3,true,2.0,1.451916440188E12,5.0
402,AssistanceService,true,16.0

403,MedicalService4,false
403,MedicalService2,true,14.0,1.451916441383E12,7.0
403,AlarmService3,true,2.0,1.451916441451E12,5.0
403,AssistanceService,true,16.0

404,MedicalService4,true,7.3,1.451916441531E12,6.0
404,AlarmService3,true,2.0,1.451916441602E12,5.0
404,AssistanceService,true,9.3

405,MedicalService4,true,7.3,1.451916441681E12,6.0
405,DrugService,true,5.0,1.451916441745E12,5.0
405,AssistanceService,true,12.3

406,AlarmService3,true,2.0,1.451916441823E12,8.0
406,AssistanceService,true,2.0

407,MedicalService4,true,7.3,1.451916441905E12,6.0
407,DrugService,true,5.0,1.45191644197E12,6.0
407,AssistanceService,true,12.3

408,MedicalService4,true,7.3,1.451916442044E12,6.0
408,DrugService,true,5.0,1.451916442108E12,6.0
408,AssistanceService,true,12.3

409,MedicalService4,true,7.3,1.451916442201E12,5.0
409,DrugService,true,5.0,1.451916442268E12,5.0
409,AssistanceService,true,12.3

410,MedicalService4,true,7.3,1.451916442353E12,6.0
410,AlarmService3,true,2.0,1.451916442418E12,6.0
410,AssistanceService,true,9.3

411,AlarmService3,false
411,AlarmService3,true,2.0,1.451916443563E12,5.0
411,AssistanceService,true,2.0

412,MedicalService4,true,7.3,1.451916443637E12,6.0
412,DrugService,true,5.0,1.45191644371E12,5.0
412,AssistanceService,true,12.3

413,AlarmService3,true,2.0,1.451916443782E12,7.0
413,AssistanceService,true,2.0

414,MedicalService4,true,7.3,1.451916443864E12,6.0
414,AlarmService3,true,2.0,1.451916443938E12,5.0
414,AssistanceService,true,9.3

415,MedicalService4,true,7.3,1.451916444008E12,5.0
415,DrugService,true,5.0,1.451916444074E12,6.0
415,AssistanceService,true,12.3

416,MedicalService4,true,7.3,1.451916444148E12,12.0
416,AlarmService3,true,2.0,1.451916444234E12,5.0
416,AssistanceService,true,9.3

417,MedicalService4,false
417,MedicalService2,true,14.0,1.451916445392E12,6.0
417,DrugService,true,5.0,1.451916445455E12,8.0
417,AssistanceService,true,19.0

418,AlarmService3,true,2.0,1.451916445534E12,6.0
418,AssistanceService,true,2.0

419,MedicalService4,true,7.3,1.45191644562E12,8.0
419,DrugService,true,5.0,1.451916445688E12,6.0
419,AssistanceService,true,12.3

420,AlarmService3,true,2.0,1.451916445764E12,6.0
420,AssistanceService,true,2.0

421,AlarmService3,true,2.0,1.451916445847E12,6.0
421,AssistanceService,true,2.0

422,MedicalService4,true,7.3,1.451916445925E12,6.0
422,AlarmService3,true,2.0,1.45191644599E12,7.0
422,AssistanceService,true,9.3

423,MedicalService4,false
423,MedicalService2,true,14.0,1.451916447161E12,14.0
423,DrugService,true,5.0,1.451916447244E12,6.0
423,AssistanceService,true,19.0

424,MedicalService4,true,7.3,1.451916447325E12,8.0
424,AlarmService3,false
424,AlarmService3,true,2.0,1.451916448488E12,7.0
424,AssistanceService,true,9.3

425,AlarmService3,false
425,AlarmService3,true,2.0,1.451916449665E12,5.0
425,AssistanceService,true,2.0

426,AlarmService3,true,2.0,1.45191644974E12,7.0
426,AssistanceService,true,2.0

427,MedicalService4,true,7.3,1.451916449821E12,5.0
427,DrugService,true,5.0,1.451916449889E12,7.0
427,AssistanceService,true,12.3

428,MedicalService4,true,7.3,1.451916449965E12,5.0
428,DrugService,true,5.0,1.451916450032E12,6.0
428,AssistanceService,true,12.3

429,MedicalService4,true,7.3,1.451916450111E12,4.0
429,AlarmService3,true,2.0,1.451916450188E12,6.0
429,AssistanceService,true,9.3

430,MedicalService4,true,7.3,1.451916450264E12,6.0
430,AlarmService3,false
430,AlarmService3,false
430,AssistanceService,false,7.3

431,MedicalService4,false
431,MedicalService2,true,14.0,1.451916453749E12,6.0
431,AlarmService3,true,2.0,1.451916453821E12,6.0
431,AssistanceService,true,16.0

432,MedicalService4,true,7.3,1.451916453909E12,12.0
432,AlarmService3,true,2.0,1.45191645399E12,8.0
432,AssistanceService,true,9.3

433,AlarmService3,true,2.0,1.451916454072E12,7.0
433,AssistanceService,true,2.0

434,MedicalService4,true,7.3,1.451916454156E12,22.0
434,DrugService,true,5.0,1.451916454261E12,6.0
434,AssistanceService,true,12.3

435,MedicalService4,true,7.3,1.451916454338E12,8.0
435,DrugService,true,5.0,1.451916454412E12,7.0
435,AssistanceService,true,12.3

436,MedicalService4,false
436,MedicalService2,true,14.0,1.451916455609E12,6.0
436,DrugService,true,5.0,1.451916455688E12,7.0
436,AssistanceService,true,19.0

437,MedicalService4,true,7.3,1.451916455776E12,5.0
437,DrugService,true,5.0,1.451916455844E12,7.0
437,AssistanceService,true,12.3

438,MedicalService4,false
438,MedicalService2,true,14.0,1.451916457037E12,8.0
438,DrugService,true,5.0,1.451916457115E12,6.0
438,AssistanceService,true,19.0

439,MedicalService4,false
439,MedicalService2,true,14.0,1.451916458326E12,7.0
439,DrugService,true,5.0,1.451916458399E12,5.0
439,AssistanceService,true,19.0

440,MedicalService4,true,7.3,1.451916458476E12,7.0
440,DrugService,true,5.0,1.451916458559E12,6.0
440,AssistanceService,true,12.3

441,MedicalService4,false
441,MedicalService2,true,14.0,1.451916459766E12,6.0
441,AlarmService3,false
441,AlarmService3,true,2.0,1.451916460947E12,6.0
441,AssistanceService,true,16.0

442,MedicalService4,true,7.3,1.451916461029E12,15.0
442,DrugService,true,5.0,1.451916461109E12,6.0
442,AssistanceService,true,12.3

443,MedicalService4,false
443,MedicalService2,true,14.0,1.451916462292E12,5.0
443,DrugService,true,5.0,1.451916462357E12,5.0
443,AssistanceService,true,19.0

444,MedicalService4,false
444,MedicalService2,true,14.0,1.451916463566E12,7.0
444,DrugService,true,5.0,1.451916463632E12,8.0
444,AssistanceService,true,19.0

445,MedicalService4,true,7.3,1.451916463716E12,7.0
445,AlarmService3,false
445,AlarmService3,true,2.0,1.451916464867E12,5.0
445,AssistanceService,true,9.3

446,MedicalService4,true,7.3,1.451916464951E12,6.0
446,DrugService,true,5.0,1.451916465072E12,5.0
446,AssistanceService,true,12.3

447,AlarmService3,false
447,AlarmService3,false
447,AssistanceService,false,0.0

448,MedicalService4,true,7.3,1.451916467329E12,6.0
448,AlarmService3,true,2.0,1.451916467396E12,6.0
448,AssistanceService,true,9.3

449,MedicalService4,true,7.3,1.451916467473E12,6.0
449,AlarmService3,true,2.0,1.451916467547E12,10.0
449,AssistanceService,true,9.3

450,MedicalService4,true,7.3,1.451916467644E12,6.0
450,DrugService,true,5.0,1.451916467709E12,6.0
450,AssistanceService,true,12.3

451,MedicalService4,false
451,MedicalService2,true,14.0,1.451916468902E12,6.0
451,AlarmService3,true,2.0,1.451916468979E12,8.0
451,AssistanceService,true,16.0

452,MedicalService4,true,7.3,1.451916469087E12,19.0
452,DrugService,true,5.0,1.451916469192E12,6.0
452,AssistanceService,true,12.3

453,AlarmService3,true,2.0,1.451916469266E12,6.0
453,AssistanceService,true,2.0

454,MedicalService4,false
454,MedicalService2,true,14.0,1.451916470459E12,8.0
454,DrugService,true,5.0,1.451916470534E12,6.0
454,AssistanceService,true,19.0

455,MedicalService4,false
455,MedicalService2,true,14.0,1.451916471745E12,6.0
455,AlarmService3,true,2.0,1.451916471811E12,6.0
455,AssistanceService,true,16.0

456,MedicalService4,false
456,MedicalService2,true,14.0,1.45191647301E12,6.0
456,DrugService,true,5.0,1.451916473076E12,7.0
456,AssistanceService,true,19.0

457,MedicalService4,true,7.3,1.451916473177E12,13.0
457,DrugService,true,5.0,1.451916473253E12,6.0
457,AssistanceService,true,12.3

458,MedicalService4,false
458,MedicalService2,true,14.0,1.451916474454E12,5.0
458,AlarmService3,true,2.0,1.451916474518E12,6.0
458,AssistanceService,true,16.0

459,AlarmService3,true,2.0,1.4519164746E12,6.0
459,AssistanceService,true,2.0

460,AlarmService3,true,2.0,1.451916474678E12,15.0
460,AssistanceService,true,2.0

461,AlarmService3,true,2.0,1.451916474762E12,6.0
461,AssistanceService,true,2.0

462,MedicalService4,false
462,MedicalService2,true,14.0,1.451916475923E12,7.0
462,DrugService,true,5.0,1.451916475992E12,6.0
462,AssistanceService,true,19.0

463,MedicalService4,true,7.3,1.451916476077E12,7.0
463,DrugService,true,5.0,1.451916476147E12,6.0
463,AssistanceService,true,12.3

464,MedicalService4,true,7.3,1.45191647625E12,5.0
464,AlarmService3,true,2.0,1.451916476318E12,6.0
464,AssistanceService,true,9.3

465,AlarmService3,false
465,AlarmService3,false
465,AssistanceService,false,0.0

466,AlarmService3,false
466,AlarmService3,true,2.0,1.451916479733E12,6.0
466,AssistanceService,true,2.0

467,AlarmService3,true,2.0,1.45191647981E12,6.0
467,AssistanceService,true,2.0

468,MedicalService4,true,7.3,1.451916479908E12,5.0
468,DrugService,true,5.0,1.451916479977E12,6.0
468,AssistanceService,true,12.3

469,MedicalService4,true,7.3,1.451916480054E12,6.0
469,DrugService,true,5.0,1.451916480124E12,7.0
469,AssistanceService,true,12.3

470,MedicalService4,true,7.3,1.451916480217E12,16.0
470,AlarmService3,true,2.0,1.451916480296E12,6.0
470,AssistanceService,true,9.3

471,MedicalService4,true,7.3,1.451916480376E12,7.0
471,DrugService,true,5.0,1.451916480454E12,6.0
471,AssistanceService,true,12.3

472,MedicalService4,true,7.3,1.451916480537E12,8.0
472,AlarmService3,false
472,AlarmService3,true,2.0,1.451916481742E12,6.0
472,AssistanceService,true,9.3

473,MedicalService4,true,7.3,1.451916481826E12,6.0
473,DrugService,true,5.0,1.451916481891E12,6.0
473,AssistanceService,true,12.3

474,MedicalService4,true,7.3,1.451916481967E12,6.0
474,DrugService,true,5.0,1.451916482036E12,8.0
474,AssistanceService,true,12.3

475,MedicalService4,true,7.3,1.451916482112E12,6.0
475,DrugService,true,5.0,1.451916482203E12,5.0
475,AssistanceService,true,12.3

476,MedicalService4,true,7.3,1.451916482278E12,7.0
476,DrugService,true,5.0,1.451916482366E12,6.0
476,AssistanceService,true,12.3

477,AlarmService3,true,2.0,1.451916482445E12,6.0
477,AssistanceService,true,2.0

478,AlarmService3,true,2.0,1.451916482523E12,8.0
478,AssistanceService,true,2.0

479,AlarmService3,true,2.0,1.451916482631E12,6.0
479,AssistanceService,true,2.0

480,MedicalService4,true,7.3,1.451916482712E12,8.0
480,DrugService,true,5.0,1.451916482785E12,6.0
480,AssistanceService,true,12.3

481,MedicalService4,true,7.3,1.45191648287E12,6.0
481,DrugService,true,5.0,1.451916482947E12,5.0
481,AssistanceService,true,12.3

482,MedicalService4,true,7.3,1.451916483029E12,6.0
482,AlarmService3,true,2.0,1.451916483102E12,5.0
482,AssistanceService,true,9.3

483,MedicalService4,true,7.3,1.451916483197E12,6.0
483,DrugService,true,5.0,1.451916483269E12,5.0
483,AssistanceService,true,12.3

484,MedicalService4,false
484,MedicalService2,true,14.0,1.451916484442E12,6.0
484,DrugService,true,5.0,1.451916484515E12,6.0
484,AssistanceService,true,19.0

485,MedicalService4,true,7.3,1.451916484601E12,10.0
485,DrugService,true,5.0,1.451916484674E12,6.0
485,AssistanceService,true,12.3

486,AlarmService3,true,2.0,1.451916484753E12,5.0
486,AssistanceService,true,2.0

487,MedicalService4,true,7.3,1.451916484827E12,5.0
487,DrugService,true,5.0,1.451916484901E12,8.0
487,AssistanceService,true,12.3

488,MedicalService4,true,7.3,1.451916484984E12,6.0
488,DrugService,true,5.0,1.451916485065E12,6.0
488,AssistanceService,true,12.3

489,MedicalService4,true,7.3,1.451916485139E12,6.0
489,AlarmService3,true,2.0,1.451916485218E12,5.0
489,AssistanceService,true,9.3

490,AlarmService3,true,2.0,1.451916485296E12,5.0
490,AssistanceService,true,2.0

491,MedicalService4,true,7.3,1.451916485374E12,5.0
491,DrugService,true,5.0,1.451916485436E12,6.0
491,AssistanceService,true,12.3

492,MedicalService4,true,7.3,1.451916485519E12,6.0
492,DrugService,true,5.0,1.451916485588E12,6.0
492,AssistanceService,true,12.3

493,MedicalService4,false
493,MedicalService2,true,14.0,1.451916486804E12,6.0
493,DrugService,true,5.0,1.451916486872E12,6.0
493,AssistanceService,true,19.0

494,AlarmService3,true,2.0,1.45191648695E12,7.0
494,AssistanceService,true,2.0

495,AlarmService3,true,2.0,1.451916487035E12,9.0
495,AssistanceService,true,2.0

496,MedicalService4,true,7.3,1.451916487116E12,5.0
496,DrugService,true,5.0,1.451916487198E12,6.0
496,AssistanceService,true,12.3

497,MedicalService4,true,7.3,1.451916487277E12,5.0
497,AlarmService3,false
497,AlarmService3,true,2.0,1.451916488428E12,5.0
497,AssistanceService,true,9.3

498,AlarmService3,true,2.0,1.451916488517E12,12.0
498,AssistanceService,true,2.0

499,MedicalService4,false
499,MedicalService2,true,14.0,1.45191648969E12,6.0
499,DrugService,true,5.0,1.451916489757E12,7.0
499,AssistanceService,true,19.0

500,MedicalService4,true,7.3,1.451916489838E12,6.0
500,DrugService,true,5.0,1.451916489908E12,7.0
500,AssistanceService,true,12.3

