1,MedicalService1,true,4.0,1.451941220948E12,61.0
1,AlarmService1,false
1,AlarmService1,false
1,AssistanceService,false,4.0

2,AlarmService1,true,4.0,1.451941224515E12,10.0
2,AssistanceService,true,4.0

3,MedicalService1,true,4.0,1.451941224922E12,12.0
3,AlarmService1,true,4.0,1.451941225235E12,37.0
3,AssistanceService,true,8.0

4,MedicalService1,true,4.0,1.451941225542E12,10.0
4,AlarmService1,true,4.0,1.451941225917E12,9.0
4,AssistanceService,true,8.0

5,MedicalService1,true,4.0,1.45194122632E12,72.0
5,DrugService,true,5.0,1.451941226613E12,46.0
5,AssistanceService,true,9.0

6,MedicalService1,true,4.0,1.451941227053E12,12.0
6,DrugService,true,5.0,1.451941227343E12,9.0
6,AssistanceService,true,9.0

7,AlarmService1,true,4.0,1.451941227543E12,8.0
7,AssistanceService,true,4.0

8,MedicalService1,true,4.0,1.451941227805E12,9.0
8,DrugService,true,5.0,1.45194122799E12,15.0
8,AssistanceService,true,9.0

9,MedicalService1,true,4.0,1.451941228235E12,10.0
9,AlarmService1,true,4.0,1.451941228417E12,25.0
9,AssistanceService,true,8.0

10,MedicalService1,true,4.0,1.451941228746E12,24.0
10,DrugService,true,5.0,1.451941229046E12,11.0
10,AssistanceService,true,9.0

11,MedicalService1,true,4.0,1.451941229342E12,8.0
11,AlarmService1,true,4.0,1.451941229597E12,46.0
11,AssistanceService,true,8.0

12,MedicalService1,false
12,MedicalService1,true,4.0,1.451941231259E12,9.0
12,DrugService,true,5.0,1.451941231481E12,7.0
12,AssistanceService,true,9.0

13,MedicalService1,true,4.0,1.451941231743E12,69.0
13,DrugService,true,5.0,1.451941232121E12,13.0
13,AssistanceService,true,9.0

14,AlarmService1,true,4.0,1.45194123247E12,10.0
14,AssistanceService,true,4.0

15,MedicalService1,true,4.0,1.451941232758E12,44.0
15,DrugService,true,5.0,1.451941233051E12,24.0
15,AssistanceService,true,9.0

16,MedicalService1,true,4.0,1.451941233323E12,7.0
16,AlarmService1,true,4.0,1.451941233478E12,15.0
16,AssistanceService,true,8.0

17,AlarmService1,true,4.0,1.45194123377E12,11.0
17,AssistanceService,true,4.0

18,MedicalService1,true,4.0,1.451941234028E12,12.0
18,DrugService,true,5.0,1.451941234283E12,8.0
18,AssistanceService,true,9.0

19,MedicalService1,false
19,MedicalService1,true,4.0,1.451941235799E12,9.0
19,DrugService,true,5.0,1.451941236009E12,10.0
19,AssistanceService,true,9.0

20,MedicalService1,true,4.0,1.45194123633E12,13.0
20,DrugService,true,5.0,1.451941236526E12,32.0
20,AssistanceService,true,9.0

21,MedicalService1,true,4.0,1.451941236893E12,36.0
21,DrugService,true,5.0,1.451941237141E12,29.0
21,AssistanceService,true,9.0

22,MedicalService1,true,4.0,1.451941237434E12,24.0
22,AlarmService1,false
22,AlarmService1,true,4.0,1.451941238849E12,25.0
22,AssistanceService,true,8.0

23,MedicalService1,true,4.0,1.451941239091E12,7.0
23,AlarmService1,true,4.0,1.451941239276E12,10.0
23,AssistanceService,true,8.0

24,MedicalService1,true,4.0,1.451941239541E12,44.0
24,DrugService,true,5.0,1.451941239854E12,46.0
24,AssistanceService,true,9.0

25,AlarmService1,true,4.0,1.451941240111E12,22.0
25,AssistanceService,true,4.0

26,AlarmService1,true,4.0,1.451941240374E12,11.0
26,AssistanceService,true,4.0

27,MedicalService1,true,4.0,1.451941240723E12,11.0
27,DrugService,true,5.0,1.451941240913E12,11.0
27,AssistanceService,true,9.0

28,MedicalService1,true,4.0,1.451941241123E12,8.0
28,DrugService,true,5.0,1.451941241335E12,7.0
28,AssistanceService,true,9.0

29,AlarmService1,false
29,AlarmService1,true,4.0,1.451941242737E12,32.0
29,AssistanceService,true,4.0

30,MedicalService1,true,4.0,1.451941243025E12,10.0
30,DrugService,true,5.0,1.451941243173E12,18.0
30,AssistanceService,true,9.0

31,MedicalService1,true,4.0,1.45194124338E12,7.0
31,DrugService,true,5.0,1.45194124358E12,8.0
31,AssistanceService,true,9.0

32,AlarmService1,true,4.0,1.451941243864E12,7.0
32,AssistanceService,true,4.0

33,AlarmService1,true,4.0,1.4519412441E12,8.0
33,AssistanceService,true,4.0

34,MedicalService1,true,4.0,1.451941244382E12,9.0
34,AlarmService1,true,4.0,1.451941244587E12,18.0
34,AssistanceService,true,8.0

35,AlarmService1,true,4.0,1.451941244854E12,9.0
35,AssistanceService,true,4.0

36,MedicalService1,true,4.0,1.451941245091E12,5.0
36,AlarmService1,true,4.0,1.451941245247E12,13.0
36,AssistanceService,true,8.0

37,MedicalService1,true,4.0,1.451941245467E12,6.0
37,AlarmService1,true,4.0,1.451941245607E12,42.0
37,AssistanceService,true,8.0

38,AlarmService1,true,4.0,1.451941245865E12,8.0
38,AssistanceService,true,4.0

39,MedicalService1,true,4.0,1.451941246079E12,26.0
39,DrugService,true,5.0,1.451941246265E12,13.0
39,AssistanceService,true,9.0

40,AlarmService1,true,4.0,1.45194124644E12,7.0
40,AssistanceService,true,4.0

41,MedicalService1,true,4.0,1.451941246631E12,9.0
41,DrugService,true,5.0,1.451941246856E12,23.0
41,AssistanceService,true,9.0

42,MedicalService1,true,4.0,1.451941247091E12,7.0
42,DrugService,true,5.0,1.451941247247E12,7.0
42,AssistanceService,true,9.0

43,MedicalService1,true,4.0,1.451941247462E12,9.0
43,DrugService,true,5.0,1.45194124774E12,21.0
43,AssistanceService,true,9.0

44,AlarmService1,true,4.0,1.45194124808E12,37.0
44,AssistanceService,true,4.0

45,AlarmService1,true,4.0,1.451941248292E12,6.0
45,AssistanceService,true,4.0

46,AlarmService1,true,4.0,1.451941248459E12,22.0
46,AssistanceService,true,4.0

47,MedicalService1,true,4.0,1.451941248656E12,6.0
47,DrugService,true,5.0,1.451941248838E12,8.0
47,AssistanceService,true,9.0

48,MedicalService1,true,4.0,1.451941249043E12,9.0
48,DrugService,true,5.0,1.451941249181E12,9.0
48,AssistanceService,true,9.0

49,MedicalService1,true,4.0,1.451941249419E12,7.0
49,DrugService,true,5.0,1.451941249557E12,21.0
49,AssistanceService,true,9.0

50,MedicalService1,true,4.0,1.451941249774E12,8.0
50,AlarmService1,true,4.0,1.451941249956E12,18.0
50,AssistanceService,true,8.0

51,MedicalService1,true,4.0,1.451941250236E12,8.0
51,AlarmService1,true,4.0,1.45194125042E12,7.0
51,AssistanceService,true,8.0

52,AlarmService1,false
52,AlarmService1,true,4.0,1.451941251936E12,10.0
52,AssistanceService,true,4.0

53,MedicalService1,true,4.0,1.451941252159E12,5.0
53,DrugService,true,5.0,1.45194125232E12,6.0
53,AssistanceService,true,9.0

54,MedicalService1,true,4.0,1.45194125249E12,8.0
54,AlarmService1,true,4.0,1.451941252666E12,12.0
54,AssistanceService,true,8.0

55,MedicalService1,true,4.0,1.451941252887E12,21.0
55,DrugService,true,5.0,1.451941253042E12,7.0
55,AssistanceService,true,9.0

56,AlarmService1,true,4.0,1.451941253262E12,6.0
56,AssistanceService,true,4.0

57,MedicalService1,true,4.0,1.4519412534E12,19.0
57,AlarmService1,true,4.0,1.45194125357E12,43.0
57,AssistanceService,true,8.0

58,MedicalService1,true,4.0,1.451941253927E12,7.0
58,AlarmService1,true,4.0,1.451941254143E12,24.0
58,AssistanceService,true,8.0

59,MedicalService1,false
59,MedicalService1,true,4.0,1.451941255596E12,27.0
59,DrugService,true,5.0,1.451941255896E12,9.0
59,AssistanceService,true,9.0

60,AlarmService1,true,4.0,1.451941256179E12,6.0
60,AssistanceService,true,4.0

61,MedicalService1,true,4.0,1.451941256317E12,7.0
61,DrugService,true,5.0,1.451941256468E12,7.0
61,AssistanceService,true,9.0

62,AlarmService1,true,4.0,1.451941256629E12,6.0
62,AssistanceService,true,4.0

63,MedicalService1,true,4.0,1.451941256844E12,12.0
63,AlarmService1,true,4.0,1.451941257007E12,8.0
63,AssistanceService,true,8.0

64,AlarmService1,true,4.0,1.451941257235E12,7.0
64,AssistanceService,true,4.0

65,MedicalService1,true,4.0,1.451941257397E12,11.0
65,AlarmService1,true,4.0,1.451941257579E12,6.0
65,AssistanceService,true,8.0

66,MedicalService1,true,4.0,1.451941257808E12,30.0
66,DrugService,true,5.0,1.451941257995E12,49.0
66,AssistanceService,true,9.0

67,AlarmService1,true,4.0,1.4519412583E12,29.0
67,AssistanceService,true,4.0

68,MedicalService1,true,4.0,1.451941258518E12,5.0
68,DrugService,true,5.0,1.451941258721E12,13.0
68,AssistanceService,true,9.0

69,MedicalService1,true,4.0,1.451941258955E12,16.0
69,DrugService,true,5.0,1.451941259174E12,8.0
69,AssistanceService,true,9.0

70,MedicalService1,true,4.0,1.451941259505E12,7.0
70,DrugService,true,5.0,1.451941259621E12,16.0
70,AssistanceService,true,9.0

71,AlarmService1,true,4.0,1.451941259829E12,35.0
71,AssistanceService,true,4.0

72,MedicalService1,true,4.0,1.451941260121E12,10.0
72,AlarmService1,false
72,AlarmService1,true,4.0,1.451941261538E12,5.0
72,AssistanceService,true,8.0

73,AlarmService1,true,4.0,1.45194126176E12,14.0
73,AssistanceService,true,4.0

74,AlarmService1,true,4.0,1.451941261935E12,16.0
74,AssistanceService,true,4.0

75,MedicalService1,true,4.0,1.451941262186E12,10.0
75,DrugService,true,5.0,1.451941262477E12,44.0
75,AssistanceService,true,9.0

76,AlarmService1,true,4.0,1.451941262797E12,39.0
76,AssistanceService,true,4.0

77,MedicalService1,true,4.0,1.451941263044E12,15.0
77,AlarmService1,true,4.0,1.451941263246E12,7.0
77,AssistanceService,true,8.0

78,AlarmService1,false
78,AlarmService1,true,4.0,1.451941264583E12,23.0
78,AssistanceService,true,4.0

79,MedicalService1,true,4.0,1.451941264826E12,7.0
79,DrugService,true,5.0,1.451941265029E12,8.0
79,AssistanceService,true,9.0

80,MedicalService1,true,4.0,1.451941265358E12,5.0
80,DrugService,true,5.0,1.451941265501E12,9.0
80,AssistanceService,true,9.0

81,MedicalService1,true,4.0,1.451941265742E12,6.0
81,DrugService,true,5.0,1.451941265881E12,8.0
81,AssistanceService,true,9.0

82,MedicalService1,true,4.0,1.451941266082E12,24.0
82,DrugService,true,5.0,1.451941266239E12,34.0
82,AssistanceService,true,9.0

83,MedicalService1,true,4.0,1.451941266452E12,6.0
83,AlarmService1,true,4.0,1.451941266614E12,5.0
83,AssistanceService,true,8.0

84,MedicalService1,true,4.0,1.45194126679E12,16.0
84,AlarmService1,true,4.0,1.451941266957E12,8.0
84,AssistanceService,true,8.0

85,AlarmService1,true,4.0,1.451941267236E12,12.0
85,AssistanceService,true,4.0

86,MedicalService1,true,4.0,1.451941267396E12,7.0
86,AlarmService1,true,4.0,1.451941267557E12,19.0
86,AssistanceService,true,8.0

87,MedicalService1,true,4.0,1.451941267805E12,6.0
87,AlarmService1,true,4.0,1.451941267942E12,20.0
87,AssistanceService,true,8.0

88,MedicalService1,true,4.0,1.451941268169E12,7.0
88,AlarmService1,false
88,AlarmService1,true,4.0,1.451941269588E12,30.0
88,AssistanceService,true,8.0

89,MedicalService1,true,4.0,1.45194126984E12,4.0
89,DrugService,true,5.0,1.451941269979E12,16.0
89,AssistanceService,true,9.0

90,AlarmService1,true,4.0,1.451941270162E12,5.0
90,AssistanceService,true,4.0

91,MedicalService1,true,4.0,1.451941270344E12,6.0
91,DrugService,true,5.0,1.451941270489E12,7.0
91,AssistanceService,true,9.0

92,MedicalService1,true,4.0,1.451941270688E12,15.0
92,AlarmService1,true,4.0,1.451941270865E12,6.0
92,AssistanceService,true,8.0

93,MedicalService1,true,4.0,1.451941271074E12,5.0
93,DrugService,true,5.0,1.451941271183E12,25.0
93,AssistanceService,true,9.0

94,AlarmService1,true,4.0,1.451941271342E12,47.0
94,AssistanceService,true,4.0

95,MedicalService1,true,4.0,1.451941271598E12,25.0
95,DrugService,true,5.0,1.451941271767E12,6.0
95,AssistanceService,true,9.0

96,MedicalService1,true,4.0,1.451941271926E12,8.0
96,DrugService,true,5.0,1.451941272075E12,30.0
96,AssistanceService,true,9.0

97,AlarmService1,true,4.0,1.451941272291E12,5.0
97,AssistanceService,true,4.0

98,AlarmService1,false
98,AlarmService1,true,4.0,1.45194127387E12,11.0
98,AssistanceService,true,4.0

99,MedicalService1,true,4.0,1.451941274068E12,6.0
99,AlarmService1,true,4.0,1.451941274238E12,41.0
99,AssistanceService,true,8.0

100,AlarmService1,true,4.0,1.451941274438E12,23.0
100,AssistanceService,true,4.0

101,MedicalService1,true,4.0,1.451941274594E12,26.0
101,DrugService,true,5.0,1.45194127476E12,37.0
101,AssistanceService,true,9.0

102,AlarmService1,true,4.0,1.45194127501E12,16.0
102,AssistanceService,true,4.0

103,MedicalService1,true,4.0,1.451941275268E12,6.0
103,AlarmService1,true,4.0,1.451941275435E12,5.0
103,AssistanceService,true,8.0

104,AlarmService1,true,4.0,1.451941275643E12,5.0
104,AssistanceService,true,4.0

105,MedicalService1,true,4.0,1.451941275808E12,5.0
105,DrugService,true,5.0,1.451941276034E12,6.0
105,AssistanceService,true,9.0

106,MedicalService1,false
106,MedicalService1,true,4.0,1.451941277465E12,5.0
106,DrugService,true,5.0,1.451941277623E12,6.0
106,AssistanceService,true,9.0

107,MedicalService1,true,4.0,1.451941277892E12,10.0
107,DrugService,true,5.0,1.451941278077E12,5.0
107,AssistanceService,true,9.0

108,MedicalService1,true,4.0,1.451941278318E12,6.0
108,DrugService,true,5.0,1.451941278571E12,6.0
108,AssistanceService,true,9.0

109,MedicalService1,true,4.0,1.45194127882E12,11.0
109,DrugService,true,5.0,1.451941279041E12,7.0
109,AssistanceService,true,9.0

110,MedicalService1,true,4.0,1.451941279235E12,6.0
110,DrugService,true,5.0,1.451941279373E12,41.0
110,AssistanceService,true,9.0

111,MedicalService1,true,4.0,1.451941279603E12,7.0
111,DrugService,true,5.0,1.451941279763E12,14.0
111,AssistanceService,true,9.0

112,AlarmService1,true,4.0,1.451941279921E12,17.0
112,AssistanceService,true,4.0

113,MedicalService1,true,4.0,1.451941280122E12,4.0
113,DrugService,true,5.0,1.451941280297E12,4.0
113,AssistanceService,true,9.0

114,MedicalService1,true,4.0,1.451941280444E12,6.0
114,DrugService,true,5.0,1.451941280613E12,9.0
114,AssistanceService,true,9.0

115,MedicalService1,true,4.0,1.451941280769E12,10.0
115,AlarmService1,false
115,AlarmService1,true,4.0,1.451941282104E12,19.0
115,AssistanceService,true,8.0

116,MedicalService1,true,4.0,1.451941282344E12,5.0
116,DrugService,true,5.0,1.451941282516E12,5.0
116,AssistanceService,true,9.0

117,MedicalService1,true,4.0,1.451941282723E12,11.0
117,DrugService,true,5.0,1.451941283013E12,8.0
117,AssistanceService,true,9.0

118,MedicalService1,true,4.0,1.451941283299E12,5.0
118,AlarmService1,true,4.0,1.451941283433E12,7.0
118,AssistanceService,true,8.0

119,AlarmService1,true,4.0,1.451941283627E12,45.0
119,AssistanceService,true,4.0

120,MedicalService1,true,4.0,1.451941283833E12,6.0
120,DrugService,true,5.0,1.451941283983E12,8.0
120,AssistanceService,true,9.0

121,MedicalService1,false
121,MedicalService1,true,4.0,1.451941285474E12,5.0
121,AlarmService1,false
121,AlarmService1,true,4.0,1.451941286879E12,6.0
121,AssistanceService,true,8.0

122,MedicalService1,true,4.0,1.451941287057E12,38.0
122,AlarmService1,true,4.0,1.451941287242E12,12.0
122,AssistanceService,true,8.0

123,MedicalService1,true,4.0,1.45194128745E12,42.0
123,DrugService,true,5.0,1.451941287638E12,4.0
123,AssistanceService,true,9.0

124,MedicalService1,true,4.0,1.451941287863E12,6.0
124,AlarmService1,true,4.0,1.451941287988E12,38.0
124,AssistanceService,true,8.0

125,MedicalService1,true,4.0,1.451941288295E12,7.0
125,AlarmService1,true,4.0,1.451941288485E12,34.0
125,AssistanceService,true,8.0

126,MedicalService1,false
126,MedicalService1,true,4.0,1.451941290045E12,9.0
126,AlarmService1,true,4.0,1.45194129024E12,5.0
126,AssistanceService,true,8.0

127,MedicalService1,true,4.0,1.451941290466E12,7.0
127,DrugService,true,5.0,1.451941290611E12,7.0
127,AssistanceService,true,9.0

128,AlarmService1,true,4.0,1.451941290826E12,6.0
128,AssistanceService,true,4.0

129,AlarmService1,true,4.0,1.451941290978E12,7.0
129,AssistanceService,true,4.0

130,MedicalService1,true,4.0,1.451941291144E12,5.0
130,AlarmService1,false
130,AlarmService1,true,4.0,1.451941292512E12,20.0
130,AssistanceService,true,8.0

131,MedicalService1,true,4.0,1.45194129272E12,49.0
131,DrugService,true,5.0,1.451941292896E12,31.0
131,AssistanceService,true,9.0

132,MedicalService1,true,4.0,1.451941293162E12,7.0
132,DrugService,true,5.0,1.451941293296E12,5.0
132,AssistanceService,true,9.0

133,MedicalService1,true,4.0,1.451941293553E12,4.0
133,DrugService,true,5.0,1.451941293718E12,17.0
133,AssistanceService,true,9.0

134,AlarmService1,false
134,AlarmService1,true,4.0,1.451941295141E12,6.0
134,AssistanceService,true,4.0

135,AlarmService1,true,4.0,1.451941295335E12,5.0
135,AssistanceService,true,4.0

136,MedicalService1,true,4.0,1.451941295522E12,33.0
136,DrugService,true,5.0,1.451941295684E12,10.0
136,AssistanceService,true,9.0

137,MedicalService1,true,4.0,1.451941295894E12,39.0
137,DrugService,true,5.0,1.451941296111E12,14.0
137,AssistanceService,true,9.0

138,AlarmService1,false
138,AlarmService1,true,4.0,1.451941297443E12,24.0
138,AssistanceService,true,4.0

139,MedicalService1,true,4.0,1.451941297686E12,8.0
139,AlarmService1,true,4.0,1.45194129785E12,30.0
139,AssistanceService,true,8.0

140,MedicalService1,false
140,MedicalService1,true,4.0,1.451941299303E12,21.0
140,AlarmService1,true,4.0,1.451941299473E12,7.0
140,AssistanceService,true,8.0

141,MedicalService1,true,4.0,1.451941299666E12,37.0
141,AlarmService1,true,4.0,1.451941299908E12,10.0
141,AssistanceService,true,8.0

142,MedicalService1,true,4.0,1.451941300109E12,6.0
142,DrugService,true,5.0,1.451941300274E12,8.0
142,AssistanceService,true,9.0

143,MedicalService1,true,4.0,1.451941300451E12,6.0
143,DrugService,true,5.0,1.451941300609E12,6.0
143,AssistanceService,true,9.0

144,MedicalService1,true,4.0,1.451941300825E12,11.0
144,DrugService,true,5.0,1.451941301028E12,32.0
144,AssistanceService,true,9.0

145,MedicalService1,false
145,MedicalService1,true,4.0,1.451941302556E12,16.0
145,AlarmService1,true,4.0,1.451941302721E12,39.0
145,AssistanceService,true,8.0

146,AlarmService1,true,4.0,1.451941302951E12,6.0
146,AssistanceService,true,4.0

147,MedicalService1,true,4.0,1.451941303122E12,29.0
147,DrugService,true,5.0,1.451941303279E12,5.0
147,AssistanceService,true,9.0

148,MedicalService1,true,4.0,1.451941303468E12,6.0
148,DrugService,true,5.0,1.45194130364E12,7.0
148,AssistanceService,true,9.0

149,MedicalService1,true,4.0,1.451941303825E12,29.0
149,DrugService,true,5.0,1.451941303975E12,8.0
149,AssistanceService,true,9.0

150,AlarmService1,true,4.0,1.451941304131E12,34.0
150,AssistanceService,true,4.0

151,AlarmService1,false
151,AlarmService1,true,4.0,1.451941305489E12,22.0
151,AssistanceService,true,4.0

152,MedicalService1,true,4.0,1.451941305704E12,6.0
152,AlarmService1,true,4.0,1.451941305865E12,12.0
152,AssistanceService,true,8.0

153,MedicalService1,true,4.0,1.451941306064E12,6.0
153,AlarmService1,true,4.0,1.451941306239E12,4.0
153,AssistanceService,true,8.0

154,AlarmService1,true,4.0,1.45194130641E12,5.0
154,AssistanceService,true,4.0

155,MedicalService1,false
155,MedicalService1,true,4.0,1.451941307882E12,6.0
155,AlarmService1,true,4.0,1.451941308019E12,5.0
155,AssistanceService,true,8.0

156,MedicalService1,true,4.0,1.451941308181E12,57.0
156,DrugService,true,5.0,1.451941308369E12,33.0
156,AssistanceService,true,9.0

157,MedicalService1,false
157,MedicalService1,true,4.0,1.4519413098E12,9.0
157,DrugService,true,5.0,1.451941309952E12,7.0
157,AssistanceService,true,9.0

158,MedicalService1,true,4.0,1.451941310134E12,6.0
158,AlarmService1,false
158,AlarmService1,true,4.0,1.45194131145E12,4.0
158,AssistanceService,true,8.0

159,MedicalService1,true,4.0,1.451941311619E12,5.0
159,DrugService,true,5.0,1.451941311783E12,31.0
159,AssistanceService,true,9.0

160,MedicalService1,true,4.0,1.451941311987E12,7.0
160,DrugService,true,5.0,1.451941312136E12,33.0
160,AssistanceService,true,9.0

161,AlarmService1,false
161,AlarmService1,true,4.0,1.451941313556E12,6.0
161,AssistanceService,true,4.0

162,MedicalService1,false
162,MedicalService1,true,4.0,1.45194131506E12,35.0
162,DrugService,true,5.0,1.451941315278E12,6.0
162,AssistanceService,true,9.0

163,MedicalService1,false
163,MedicalService1,true,4.0,1.45194131672E12,9.0
163,DrugService,true,5.0,1.451941316847E12,6.0
163,AssistanceService,true,9.0

164,AlarmService1,true,4.0,1.45194131703E12,7.0
164,AssistanceService,true,4.0

165,MedicalService1,true,4.0,1.451941317236E12,26.0
165,AlarmService1,true,4.0,1.451941317394E12,26.0
165,AssistanceService,true,8.0

166,MedicalService1,true,4.0,1.451941317578E12,5.0
166,DrugService,true,5.0,1.451941317709E12,7.0
166,AssistanceService,true,9.0

167,MedicalService1,true,4.0,1.451941317963E12,5.0
167,AlarmService1,true,4.0,1.451941318113E12,124.0
167,AssistanceService,true,8.0

168,AlarmService1,true,4.0,1.451941318383E12,25.0
168,AssistanceService,true,4.0

169,MedicalService1,true,4.0,1.451941318555E12,24.0
169,DrugService,true,5.0,1.451941318687E12,5.0
169,AssistanceService,true,9.0

170,MedicalService1,true,4.0,1.45194131887E12,32.0
170,AlarmService1,true,4.0,1.451941319046E12,9.0
170,AssistanceService,true,8.0

171,MedicalService1,false
171,MedicalService1,true,4.0,1.451941320498E12,7.0
171,DrugService,true,5.0,1.451941320687E12,20.0
171,AssistanceService,true,9.0

172,MedicalService1,true,4.0,1.45194132097E12,9.0
172,DrugService,true,5.0,1.451941321132E12,15.0
172,AssistanceService,true,9.0

173,AlarmService1,true,4.0,1.451941321379E12,7.0
173,AssistanceService,true,4.0

174,AlarmService1,true,4.0,1.451941321579E12,5.0
174,AssistanceService,true,4.0

175,MedicalService1,true,4.0,1.451941321802E12,46.0
175,AlarmService1,true,4.0,1.45194132199E12,25.0
175,AssistanceService,true,8.0

176,MedicalService1,true,4.0,1.451941322168E12,9.0
176,DrugService,true,5.0,1.451941322369E12,5.0
176,AssistanceService,true,9.0

177,MedicalService1,true,4.0,1.45194132257E12,6.0
177,DrugService,true,5.0,1.451941322742E12,49.0
177,AssistanceService,true,9.0

178,MedicalService1,true,4.0,1.451941322979E12,13.0
178,AlarmService1,false
178,AlarmService1,true,4.0,1.451941324376E12,6.0
178,AssistanceService,true,8.0

179,MedicalService1,true,4.0,1.451941324577E12,4.0
179,AlarmService1,true,4.0,1.45194132473E12,5.0
179,AssistanceService,true,8.0

180,MedicalService1,true,4.0,1.451941324927E12,7.0
180,AlarmService1,true,4.0,1.451941325092E12,29.0
180,AssistanceService,true,8.0

181,MedicalService1,false
181,MedicalService1,true,4.0,1.451941326566E12,5.0
181,DrugService,true,5.0,1.451941326829E12,9.0
181,AssistanceService,true,9.0

182,MedicalService1,true,4.0,1.451941327041E12,8.0
182,DrugService,true,5.0,1.451941327239E12,33.0
182,AssistanceService,true,9.0

183,MedicalService1,true,4.0,1.451941327425E12,6.0
183,DrugService,true,5.0,1.451941327583E12,7.0
183,AssistanceService,true,9.0

184,MedicalService1,true,4.0,1.451941327919E12,39.0
184,DrugService,true,5.0,1.45194132827E12,6.0
184,AssistanceService,true,9.0

185,MedicalService1,true,4.0,1.451941328431E12,5.0
185,AlarmService1,false
185,AlarmService1,true,4.0,1.451941329867E12,26.0
185,AssistanceService,true,8.0

186,MedicalService1,true,4.0,1.451941330052E12,5.0
186,AlarmService1,true,4.0,1.451941330257E12,7.0
186,AssistanceService,true,8.0

187,AlarmService1,true,4.0,1.451941330434E12,8.0
187,AssistanceService,true,4.0

188,AlarmService1,true,4.0,1.451941330623E12,5.0
188,AssistanceService,true,4.0

189,MedicalService1,true,4.0,1.451941330814E12,6.0
189,DrugService,true,5.0,1.451941330976E12,13.0
189,AssistanceService,true,9.0

190,AlarmService1,true,4.0,1.451941331146E12,11.0
190,AssistanceService,true,4.0

191,MedicalService1,true,4.0,1.451941331391E12,4.0
191,AlarmService1,true,4.0,1.451941331527E12,5.0
191,AssistanceService,true,8.0

192,MedicalService1,true,4.0,1.451941331736E12,9.0
192,DrugService,true,5.0,1.45194133193E12,6.0
192,AssistanceService,true,9.0

193,AlarmService1,true,4.0,1.451941332138E12,7.0
193,AssistanceService,true,4.0

194,MedicalService1,true,4.0,1.451941332431E12,8.0
194,DrugService,true,5.0,1.451941332544E12,34.0
194,AssistanceService,true,9.0

195,MedicalService1,true,4.0,1.451941332765E12,10.0
195,DrugService,true,5.0,1.451941332928E12,8.0
195,AssistanceService,true,9.0

196,MedicalService1,true,4.0,1.451941333129E12,15.0
196,DrugService,true,5.0,1.451941333351E12,5.0
196,AssistanceService,true,9.0

197,MedicalService1,true,4.0,1.451941333534E12,7.0
197,DrugService,true,5.0,1.4519413337E12,4.0
197,AssistanceService,true,9.0

198,AlarmService1,true,4.0,1.451941333831E12,7.0
198,AssistanceService,true,4.0

199,AlarmService1,true,4.0,1.451941334014E12,6.0
199,AssistanceService,true,4.0

200,MedicalService1,true,4.0,1.451941334302E12,73.0
200,DrugService,true,5.0,1.45194133449E12,4.0
200,AssistanceService,true,9.0

201,MedicalService1,true,4.0,1.451941334646E12,15.0
201,AlarmService1,true,4.0,1.451941334869E12,10.0
201,AssistanceService,true,8.0

202,AlarmService1,true,4.0,1.451941335039E12,24.0
202,AssistanceService,true,4.0

203,MedicalService1,true,4.0,1.4519413353E12,47.0
203,AlarmService1,true,4.0,1.451941335501E12,5.0
203,AssistanceService,true,8.0

204,MedicalService1,true,4.0,1.451941335688E12,17.0
204,DrugService,true,5.0,1.451941335866E12,6.0
204,AssistanceService,true,9.0

205,MedicalService1,true,4.0,1.451941336045E12,5.0
205,DrugService,true,5.0,1.451941336251E12,51.0
205,AssistanceService,true,9.0

206,MedicalService1,false
206,MedicalService1,false
206,AssistanceService,false,0.0

207,AlarmService1,true,4.0,1.451941338977E12,15.0
207,AssistanceService,true,4.0

208,MedicalService1,true,4.0,1.451941339149E12,9.0
208,DrugService,true,5.0,1.45194133946E12,5.0
208,AssistanceService,true,9.0

209,MedicalService1,true,4.0,1.451941339626E12,21.0
209,AlarmService1,true,4.0,1.451941339801E12,6.0
209,AssistanceService,true,8.0

210,MedicalService1,true,4.0,1.451941339985E12,6.0
210,AlarmService1,true,4.0,1.451941340114E12,11.0
210,AssistanceService,true,8.0

211,MedicalService1,false
211,MedicalService1,false
211,AssistanceService,false,0.0

212,MedicalService1,true,4.0,1.45194134279E12,6.0
212,DrugService,true,5.0,1.451941342953E12,5.0
212,AssistanceService,true,9.0

213,MedicalService1,true,4.0,1.451941343175E12,7.0
213,DrugService,true,5.0,1.451941343412E12,5.0
213,AssistanceService,true,9.0

214,AlarmService1,true,4.0,1.451941343557E12,4.0
214,AssistanceService,true,4.0

215,MedicalService1,false
215,MedicalService1,true,4.0,1.451941345048E12,23.0
215,DrugService,true,5.0,1.451941345215E12,8.0
215,AssistanceService,true,9.0

216,MedicalService1,false
216,MedicalService1,true,4.0,1.451941346709E12,45.0
216,AlarmService1,false
216,AlarmService1,true,4.0,1.451941348111E12,5.0
216,AssistanceService,true,8.0

217,MedicalService1,true,4.0,1.451941348391E12,5.0
217,DrugService,true,5.0,1.451941348526E12,37.0
217,AssistanceService,true,9.0

218,MedicalService1,true,4.0,1.451941348814E12,22.0
218,AlarmService1,true,4.0,1.451941348977E12,6.0
218,AssistanceService,true,8.0

219,AlarmService1,false
219,AlarmService1,true,4.0,1.451941350297E12,6.0
219,AssistanceService,true,4.0

220,MedicalService1,true,4.0,1.451941350485E12,6.0
220,DrugService,true,5.0,1.451941350628E12,6.0
220,AssistanceService,true,9.0

221,AlarmService1,false
221,AlarmService1,false
221,AssistanceService,false,0.0

222,MedicalService1,true,4.0,1.451941353184E12,5.0
222,DrugService,true,5.0,1.451941353371E12,28.0
222,AssistanceService,true,9.0

223,MedicalService1,true,4.0,1.451941353604E12,5.0
223,AlarmService1,true,4.0,1.451941353831E12,5.0
223,AssistanceService,true,8.0

224,MedicalService1,true,4.0,1.451941354E12,10.0
224,DrugService,true,5.0,1.451941354139E12,5.0
224,AssistanceService,true,9.0

225,MedicalService1,true,4.0,1.45194135433E12,39.0
225,AlarmService1,true,4.0,1.451941354534E12,13.0
225,AssistanceService,true,8.0

226,MedicalService1,true,4.0,1.451941354755E12,20.0
226,DrugService,true,5.0,1.451941354898E12,49.0
226,AssistanceService,true,9.0

227,AlarmService1,true,4.0,1.451941355103E12,4.0
227,AssistanceService,true,4.0

228,MedicalService1,true,4.0,1.451941355282E12,35.0
228,AlarmService1,true,4.0,1.451941355467E12,4.0
228,AssistanceService,true,8.0

229,AlarmService1,true,4.0,1.451941355605E12,36.0
229,AssistanceService,true,4.0

230,MedicalService1,false
230,MedicalService1,false
230,AssistanceService,false,0.0

231,MedicalService1,true,4.0,1.45194135843E12,5.0
231,DrugService,true,5.0,1.451941358565E12,6.0
231,AssistanceService,true,9.0

232,MedicalService1,false
232,MedicalService1,true,4.0,1.451941359996E12,12.0
232,DrugService,true,5.0,1.451941360115E12,6.0
232,AssistanceService,true,9.0

233,AlarmService1,true,4.0,1.451941360279E12,47.0
233,AssistanceService,true,4.0

234,MedicalService1,true,4.0,1.451941360523E12,6.0
234,DrugService,true,5.0,1.451941360762E12,39.0
234,AssistanceService,true,9.0

235,MedicalService1,true,4.0,1.451941360987E12,27.0
235,DrugService,true,5.0,1.451941361143E12,4.0
235,AssistanceService,true,9.0

236,MedicalService1,true,4.0,1.451941361413E12,6.0
236,DrugService,true,5.0,1.451941361562E12,27.0
236,AssistanceService,true,9.0

237,MedicalService1,true,4.0,1.451941361817E12,6.0
237,AlarmService1,true,4.0,1.451941361985E12,23.0
237,AssistanceService,true,8.0

238,AlarmService1,true,4.0,1.451941362164E12,9.0
238,AssistanceService,true,4.0

239,MedicalService1,true,4.0,1.451941362373E12,7.0
239,DrugService,true,5.0,1.451941362528E12,5.0
239,AssistanceService,true,9.0

240,MedicalService1,true,4.0,1.45194136269E12,8.0
240,DrugService,true,5.0,1.451941362837E12,5.0
240,AssistanceService,true,9.0

241,MedicalService1,true,4.0,1.451941363025E12,5.0
241,AlarmService1,false
241,AlarmService1,true,4.0,1.451941364435E12,5.0
241,AssistanceService,true,8.0

242,AlarmService1,true,4.0,1.451941364584E12,14.0
242,AssistanceService,true,4.0

243,MedicalService1,true,4.0,1.451941364773E12,4.0
243,DrugService,true,5.0,1.451941364933E12,7.0
243,AssistanceService,true,9.0

244,MedicalService1,true,4.0,1.451941365126E12,5.0
244,DrugService,true,5.0,1.45194136528E12,54.0
244,AssistanceService,true,9.0

245,MedicalService1,true,4.0,1.45194136549E12,4.0
245,DrugService,true,5.0,1.451941365689E12,8.0
245,AssistanceService,true,9.0

246,MedicalService1,true,4.0,1.451941365891E12,5.0
246,DrugService,true,5.0,1.451941366024E12,4.0
246,AssistanceService,true,9.0

247,AlarmService1,true,4.0,1.451941366176E12,5.0
247,AssistanceService,true,4.0

248,MedicalService1,true,4.0,1.451941366365E12,4.0
248,DrugService,true,5.0,1.451941366491E12,5.0
248,AssistanceService,true,9.0

249,MedicalService1,true,4.0,1.451941366711E12,15.0
249,DrugService,true,5.0,1.451941366871E12,9.0
249,AssistanceService,true,9.0

250,MedicalService1,true,4.0,1.451941367046E12,5.0
250,DrugService,true,5.0,1.451941367185E12,11.0
250,AssistanceService,true,9.0

251,AlarmService1,true,4.0,1.451941367422E12,5.0
251,AssistanceService,true,4.0

252,MedicalService1,true,4.0,1.451941367599E12,6.0
252,DrugService,true,5.0,1.451941367761E12,6.0
252,AssistanceService,true,9.0

253,MedicalService1,true,4.0,1.451941367944E12,18.0
253,AlarmService1,true,4.0,1.451941368099E12,14.0
253,AssistanceService,true,8.0

254,MedicalService1,false
254,MedicalService1,false
254,AssistanceService,false,0.0

255,MedicalService1,true,4.0,1.451941370732E12,4.0
255,DrugService,true,5.0,1.4519413709E12,8.0
255,AssistanceService,true,9.0

256,MedicalService1,true,4.0,1.451941371089E12,5.0
256,AlarmService1,true,4.0,1.451941371224E12,69.0
256,AssistanceService,true,8.0

257,AlarmService1,true,4.0,1.45194137145E12,11.0
257,AssistanceService,true,4.0

258,AlarmService1,true,4.0,1.451941371614E12,27.0
258,AssistanceService,true,4.0

259,MedicalService1,true,4.0,1.451941371788E12,7.0
259,DrugService,true,5.0,1.451941371956E12,5.0
259,AssistanceService,true,9.0

260,MedicalService1,true,4.0,1.451941372118E12,4.0
260,DrugService,true,5.0,1.451941372276E12,6.0
260,AssistanceService,true,9.0

261,MedicalService1,true,4.0,1.451941372474E12,5.0
261,DrugService,true,5.0,1.451941372584E12,15.0
261,AssistanceService,true,9.0

262,MedicalService1,false
262,MedicalService1,true,4.0,1.451941374082E12,6.0
262,DrugService,true,5.0,1.451941374278E12,39.0
262,AssistanceService,true,9.0

263,AlarmService1,true,4.0,1.451941374501E12,5.0
263,AssistanceService,true,4.0

264,AlarmService1,true,4.0,1.451941374651E12,7.0
264,AssistanceService,true,4.0

265,MedicalService1,true,4.0,1.45194137492E12,6.0
265,DrugService,true,5.0,1.451941375054E12,10.0
265,AssistanceService,true,9.0

266,MedicalService1,false
266,MedicalService1,true,4.0,1.451941376487E12,10.0
266,AlarmService1,true,4.0,1.451941376629E12,5.0
266,AssistanceService,true,8.0

267,AlarmService1,true,4.0,1.451941376859E12,6.0
267,AssistanceService,true,4.0

268,MedicalService1,false
268,MedicalService1,true,4.0,1.451941378277E12,6.0
268,DrugService,true,5.0,1.451941378394E12,7.0
268,AssistanceService,true,9.0

269,MedicalService1,true,4.0,1.451941378607E12,8.0
269,DrugService,true,5.0,1.451941378827E12,7.0
269,AssistanceService,true,9.0

270,MedicalService1,true,4.0,1.451941378987E12,5.0
270,AlarmService1,true,4.0,1.451941379133E12,5.0
270,AssistanceService,true,8.0

271,MedicalService1,true,4.0,1.451941379281E12,34.0
271,AlarmService1,true,4.0,1.45194137945E12,5.0
271,AssistanceService,true,8.0

272,MedicalService1,true,4.0,1.451941379606E12,5.0
272,DrugService,true,5.0,1.451941379834E12,9.0
272,AssistanceService,true,9.0

273,MedicalService1,false
273,MedicalService1,true,4.0,1.451941381281E12,6.0
273,DrugService,true,5.0,1.451941381433E12,5.0
273,AssistanceService,true,9.0

274,MedicalService1,true,4.0,1.45194138159E12,5.0
274,DrugService,true,5.0,1.451941381764E12,5.0
274,AssistanceService,true,9.0

275,MedicalService1,true,4.0,1.451941381915E12,12.0
275,DrugService,true,5.0,1.451941382063E12,5.0
275,AssistanceService,true,9.0

276,MedicalService1,true,4.0,1.451941382213E12,6.0
276,DrugService,true,5.0,1.451941382403E12,20.0
276,AssistanceService,true,9.0

277,MedicalService1,true,4.0,1.451941382592E12,7.0
277,DrugService,true,5.0,1.45194138276E12,12.0
277,AssistanceService,true,9.0

278,MedicalService1,true,4.0,1.451941383003E12,5.0
278,DrugService,true,5.0,1.451941383137E12,43.0
278,AssistanceService,true,9.0

279,MedicalService1,true,4.0,1.451941383393E12,6.0
279,DrugService,true,5.0,1.45194138354E12,5.0
279,AssistanceService,true,9.0

280,AlarmService1,true,4.0,1.451941383743E12,53.0
280,AssistanceService,true,4.0

281,MedicalService1,true,4.0,1.451941383991E12,27.0
281,AlarmService1,false
281,AlarmService1,true,4.0,1.451941385399E12,7.0
281,AssistanceService,true,8.0

282,MedicalService1,true,4.0,1.451941385588E12,43.0
282,DrugService,true,5.0,1.451941385759E12,4.0
282,AssistanceService,true,9.0

283,MedicalService1,true,4.0,1.451941385953E12,27.0
283,AlarmService1,true,4.0,1.451941386106E12,6.0
283,AssistanceService,true,8.0

284,MedicalService1,true,4.0,1.451941386305E12,42.0
284,DrugService,true,5.0,1.451941386464E12,6.0
284,AssistanceService,true,9.0

285,AlarmService1,true,4.0,1.451941386643E12,8.0
285,AssistanceService,true,4.0

286,MedicalService1,false
286,MedicalService1,false
286,AssistanceService,false,0.0

287,MedicalService1,true,4.0,1.451941389495E12,9.0
287,AlarmService1,true,4.0,1.451941389745E12,8.0
287,AssistanceService,true,8.0

288,AlarmService1,true,4.0,1.451941389941E12,7.0
288,AssistanceService,true,4.0

289,MedicalService1,true,4.0,1.451941390154E12,34.0
289,DrugService,true,5.0,1.451941390345E12,30.0
289,AssistanceService,true,9.0

290,MedicalService1,true,4.0,1.451941390531E12,6.0
290,DrugService,true,5.0,1.451941390672E12,24.0
290,AssistanceService,true,9.0

291,AlarmService1,true,4.0,1.451941390907E12,9.0
291,AssistanceService,true,4.0

292,MedicalService1,true,4.0,1.451941391124E12,20.0
292,DrugService,true,5.0,1.45194139132E12,24.0
292,AssistanceService,true,9.0

293,AlarmService1,false
293,AlarmService1,true,4.0,1.451941392648E12,40.0
293,AssistanceService,true,4.0

294,MedicalService1,true,4.0,1.451941392896E12,5.0
294,DrugService,true,5.0,1.451941393037E12,7.0
294,AssistanceService,true,9.0

295,MedicalService1,true,4.0,1.45194139321E12,35.0
295,DrugService,true,5.0,1.451941393378E12,15.0
295,AssistanceService,true,9.0

296,MedicalService1,true,4.0,1.45194139356E12,5.0
296,DrugService,true,5.0,1.451941393702E12,7.0
296,AssistanceService,true,9.0

297,AlarmService1,true,4.0,1.451941393913E12,31.0
297,AssistanceService,true,4.0

298,MedicalService1,true,4.0,1.45194139411E12,5.0
298,DrugService,true,5.0,1.451941394297E12,6.0
298,AssistanceService,true,9.0

299,MedicalService1,true,4.0,1.451941394501E12,6.0
299,AlarmService1,true,4.0,1.451941394656E12,13.0
299,AssistanceService,true,8.0

300,AlarmService1,true,4.0,1.451941394834E12,6.0
300,AssistanceService,true,4.0

301,MedicalService1,false
301,MedicalService1,true,4.0,1.451941396317E12,21.0
301,DrugService,true,5.0,1.451941396481E12,32.0
301,AssistanceService,true,9.0

302,MedicalService1,true,4.0,1.451941396681E12,12.0
302,DrugService,true,5.0,1.451941396795E12,32.0
302,AssistanceService,true,9.0

303,MedicalService1,true,4.0,1.451941397006E12,7.0
303,AlarmService1,true,4.0,1.451941397119E12,6.0
303,AssistanceService,true,8.0

304,MedicalService1,true,4.0,1.451941397306E12,6.0
304,AlarmService1,true,4.0,1.451941397471E12,6.0
304,AssistanceService,true,8.0

305,MedicalService1,true,4.0,1.451941397644E12,9.0
305,AlarmService1,true,4.0,1.45194139786E12,6.0
305,AssistanceService,true,8.0

306,MedicalService1,true,4.0,1.451941398022E12,8.0
306,DrugService,true,5.0,1.451941398188E12,19.0
306,AssistanceService,true,9.0

307,MedicalService1,true,4.0,1.451941398464E12,6.0
307,DrugService,true,5.0,1.451941398577E12,14.0
307,AssistanceService,true,9.0

308,AlarmService1,true,4.0,1.451941398743E12,25.0
308,AssistanceService,true,4.0

309,AlarmService1,true,4.0,1.451941398938E12,11.0
309,AssistanceService,true,4.0

310,AlarmService1,true,4.0,1.451941399102E12,16.0
310,AssistanceService,true,4.0

311,MedicalService1,true,4.0,1.451941399283E12,6.0
311,DrugService,true,5.0,1.451941399478E12,4.0
311,AssistanceService,true,9.0

312,MedicalService1,true,4.0,1.451941399639E12,7.0
312,DrugService,true,5.0,1.451941399825E12,31.0
312,AssistanceService,true,9.0

313,MedicalService1,true,4.0,1.451941400019E12,32.0
313,DrugService,true,5.0,1.451941400177E12,42.0
313,AssistanceService,true,9.0

314,MedicalService1,true,4.0,1.451941400368E12,43.0
314,AlarmService1,true,4.0,1.451941400556E12,6.0
314,AssistanceService,true,8.0

315,MedicalService1,true,4.0,1.451941400752E12,23.0
315,DrugService,true,5.0,1.451941400894E12,7.0
315,AssistanceService,true,9.0

316,MedicalService1,true,4.0,1.451941401115E12,5.0
316,DrugService,true,5.0,1.45194140132E12,7.0
316,AssistanceService,true,9.0

317,MedicalService1,true,4.0,1.451941401498E12,5.0
317,DrugService,true,5.0,1.451941401658E12,6.0
317,AssistanceService,true,9.0

318,MedicalService1,true,4.0,1.451941401801E12,9.0
318,DrugService,true,5.0,1.451941401963E12,27.0
318,AssistanceService,true,9.0

319,MedicalService1,true,4.0,1.451941402137E12,25.0
319,DrugService,true,5.0,1.451941402296E12,10.0
319,AssistanceService,true,9.0

320,MedicalService1,true,4.0,1.451941402491E12,5.0
320,AlarmService1,true,4.0,1.451941402626E12,9.0
320,AssistanceService,true,8.0

321,MedicalService1,true,4.0,1.451941402836E12,8.0
321,DrugService,true,5.0,1.451941402991E12,19.0
321,AssistanceService,true,9.0

322,MedicalService1,true,4.0,1.451941403175E12,15.0
322,AlarmService1,true,4.0,1.451941403443E12,6.0
322,AssistanceService,true,8.0

323,AlarmService1,true,4.0,1.451941403597E12,5.0
323,AssistanceService,true,4.0

324,MedicalService1,true,4.0,1.451941403829E12,5.0
324,DrugService,true,5.0,1.451941403997E12,5.0
324,AssistanceService,true,9.0

325,MedicalService1,true,4.0,1.451941404202E12,26.0
325,DrugService,true,5.0,1.451941404488E12,5.0
325,AssistanceService,true,9.0

326,MedicalService1,true,4.0,1.451941404637E12,7.0
326,DrugService,true,5.0,1.451941404824E12,8.0
326,AssistanceService,true,9.0

327,MedicalService1,true,4.0,1.451941404978E12,5.0
327,AlarmService1,true,4.0,1.451941405115E12,37.0
327,AssistanceService,true,8.0

328,AlarmService1,true,4.0,1.451941405349E12,8.0
328,AssistanceService,true,4.0

329,AlarmService1,true,4.0,1.451941405552E12,6.0
329,AssistanceService,true,4.0

330,MedicalService1,true,4.0,1.451941405731E12,49.0
330,DrugService,true,5.0,1.45194140594E12,5.0
330,AssistanceService,true,9.0

331,AlarmService1,true,4.0,1.451941406062E12,8.0
331,AssistanceService,true,4.0

332,MedicalService1,true,4.0,1.451941406298E12,37.0
332,DrugService,true,5.0,1.451941406525E12,5.0
332,AssistanceService,true,9.0

333,AlarmService1,false
333,AlarmService1,false
333,AssistanceService,false,0.0

334,MedicalService1,true,4.0,1.451941409103E12,20.0
334,DrugService,true,5.0,1.451941409286E12,7.0
334,AssistanceService,true,9.0

335,MedicalService1,true,4.0,1.451941409495E12,6.0
335,DrugService,true,5.0,1.451941409644E12,13.0
335,AssistanceService,true,9.0

336,MedicalService1,true,4.0,1.451941409864E12,8.0
336,DrugService,true,5.0,1.451941410009E12,5.0
336,AssistanceService,true,9.0

337,MedicalService1,true,4.0,1.451941410172E12,33.0
337,DrugService,true,5.0,1.451941410404E12,7.0
337,AssistanceService,true,9.0

338,MedicalService1,true,4.0,1.451941410622E12,31.0
338,DrugService,true,5.0,1.4519414108E12,18.0
338,AssistanceService,true,9.0

339,MedicalService1,false
339,MedicalService1,true,4.0,1.451941412202E12,6.0
339,DrugService,true,5.0,1.451941412388E12,14.0
339,AssistanceService,true,9.0

340,MedicalService1,true,4.0,1.451941412564E12,5.0
340,DrugService,true,5.0,1.451941412673E12,38.0
340,AssistanceService,true,9.0

341,MedicalService1,true,4.0,1.451941412922E12,31.0
341,DrugService,true,5.0,1.451941413074E12,20.0
341,AssistanceService,true,9.0

342,MedicalService1,true,4.0,1.451941413284E12,7.0
342,DrugService,true,5.0,1.451941413476E12,27.0
342,AssistanceService,true,9.0

343,MedicalService1,true,4.0,1.451941413679E12,7.0
343,AlarmService1,true,4.0,1.451941413851E12,26.0
343,AssistanceService,true,8.0

344,MedicalService1,true,4.0,1.451941414036E12,14.0
344,DrugService,true,5.0,1.451941414186E12,19.0
344,AssistanceService,true,9.0

345,AlarmService1,true,4.0,1.451941414382E12,76.0
345,AssistanceService,true,4.0

346,MedicalService1,true,4.0,1.451941414617E12,5.0
346,DrugService,true,5.0,1.451941414766E12,32.0
346,AssistanceService,true,9.0

347,MedicalService1,true,4.0,1.451941415034E12,6.0
347,DrugService,true,5.0,1.451941415279E12,7.0
347,AssistanceService,true,9.0

348,AlarmService1,true,4.0,1.451941415471E12,6.0
348,AssistanceService,true,4.0

349,MedicalService1,true,4.0,1.451941415712E12,8.0
349,AlarmService1,true,4.0,1.451941415862E12,7.0
349,AssistanceService,true,8.0

350,MedicalService1,true,4.0,1.451941416069E12,28.0
350,DrugService,true,5.0,1.451941416229E12,23.0
350,AssistanceService,true,9.0

351,MedicalService1,true,4.0,1.4519414164E12,26.0
351,DrugService,true,5.0,1.451941416573E12,5.0
351,AssistanceService,true,9.0

352,MedicalService1,true,4.0,1.451941416762E12,5.0
352,DrugService,true,5.0,1.451941416908E12,22.0
352,AssistanceService,true,9.0

353,MedicalService1,true,4.0,1.4519414171E12,34.0
353,AlarmService1,true,4.0,1.451941417313E12,40.0
353,AssistanceService,true,8.0

354,MedicalService1,true,4.0,1.451941417569E12,5.0
354,DrugService,true,5.0,1.451941417732E12,4.0
354,AssistanceService,true,9.0

355,MedicalService1,true,4.0,1.451941417905E12,6.0
355,DrugService,true,5.0,1.45194141804E12,5.0
355,AssistanceService,true,9.0

356,MedicalService1,false
356,MedicalService1,true,4.0,1.451941419478E12,14.0
356,DrugService,true,5.0,1.451941419626E12,5.0
356,AssistanceService,true,9.0

357,MedicalService1,true,4.0,1.451941419839E12,6.0
357,DrugService,true,5.0,1.451941419998E12,6.0
357,AssistanceService,true,9.0

358,MedicalService1,true,4.0,1.451941420179E12,5.0
358,AlarmService1,true,4.0,1.451941420388E12,6.0
358,AssistanceService,true,8.0

359,MedicalService1,true,4.0,1.451941420595E12,5.0
359,AlarmService1,true,4.0,1.451941420789E12,4.0
359,AssistanceService,true,8.0

360,AlarmService1,true,4.0,1.451941420977E12,26.0
360,AssistanceService,true,4.0

361,MedicalService1,true,4.0,1.451941421161E12,5.0
361,DrugService,true,5.0,1.451941421349E12,6.0
361,AssistanceService,true,9.0

362,MedicalService1,true,4.0,1.451941421523E12,14.0
362,AlarmService1,true,4.0,1.451941421658E12,6.0
362,AssistanceService,true,8.0

363,AlarmService1,false
363,AlarmService1,true,4.0,1.451941423048E12,24.0
363,AssistanceService,true,4.0

364,MedicalService1,true,4.0,1.451941423233E12,39.0
364,DrugService,true,5.0,1.451941423391E12,7.0
364,AssistanceService,true,9.0

365,MedicalService1,true,4.0,1.451941423595E12,6.0
365,DrugService,true,5.0,1.451941423762E12,6.0
365,AssistanceService,true,9.0

366,MedicalService1,true,4.0,1.451941423954E12,28.0
366,DrugService,true,5.0,1.451941424125E12,5.0
366,AssistanceService,true,9.0

367,MedicalService1,true,4.0,1.451941424309E12,29.0
367,AlarmService1,false
367,AlarmService1,true,4.0,1.45194142567E12,37.0
367,AssistanceService,true,8.0

368,MedicalService1,true,4.0,1.451941425915E12,6.0
368,DrugService,true,5.0,1.451941426039E12,6.0
368,AssistanceService,true,9.0

369,MedicalService1,true,4.0,1.451941426205E12,31.0
369,AlarmService1,true,4.0,1.451941426451E12,27.0
369,AssistanceService,true,8.0

370,MedicalService1,true,4.0,1.451941426684E12,7.0
370,DrugService,true,5.0,1.451941426873E12,7.0
370,AssistanceService,true,9.0

371,MedicalService1,true,4.0,1.451941427042E12,26.0
371,DrugService,true,5.0,1.451941427199E12,7.0
371,AssistanceService,true,9.0

372,AlarmService1,false
372,AlarmService1,true,4.0,1.451941428522E12,9.0
372,AssistanceService,true,4.0

373,MedicalService1,true,4.0,1.451941428696E12,6.0
373,DrugService,true,5.0,1.451941428895E12,8.0
373,AssistanceService,true,9.0

374,AlarmService1,true,4.0,1.45194142908E12,4.0
374,AssistanceService,true,4.0

375,MedicalService1,true,4.0,1.45194142932E12,4.0
375,DrugService,true,5.0,1.451941429515E12,6.0
375,AssistanceService,true,9.0

376,MedicalService1,true,4.0,1.451941429662E12,28.0
376,DrugService,true,5.0,1.45194142985E12,5.0
376,AssistanceService,true,9.0

377,MedicalService1,true,4.0,1.451941430003E12,16.0
377,AlarmService1,true,4.0,1.451941430148E12,6.0
377,AssistanceService,true,8.0

378,MedicalService1,true,4.0,1.451941430411E12,7.0
378,DrugService,true,5.0,1.451941430584E12,15.0
378,AssistanceService,true,9.0

379,AlarmService1,true,4.0,1.45194143076E12,21.0
379,AssistanceService,true,4.0

380,MedicalService1,true,4.0,1.451941430985E12,28.0
380,AlarmService1,true,4.0,1.451941431149E12,6.0
380,AssistanceService,true,8.0

381,MedicalService1,true,4.0,1.451941431382E12,5.0
381,DrugService,true,5.0,1.45194143152E12,7.0
381,AssistanceService,true,9.0

382,AlarmService1,true,4.0,1.451941431748E12,6.0
382,AssistanceService,true,4.0

383,MedicalService1,true,4.0,1.451941431946E12,6.0
383,AlarmService1,true,4.0,1.451941432112E12,8.0
383,AssistanceService,true,8.0

384,AlarmService1,true,4.0,1.451941432341E12,50.0
384,AssistanceService,true,4.0

385,AlarmService1,true,4.0,1.451941432573E12,5.0
385,AssistanceService,true,4.0

386,AlarmService1,false
386,AlarmService1,true,4.0,1.451941433948E12,18.0
386,AssistanceService,true,4.0

387,AlarmService1,true,4.0,1.451941434111E12,5.0
387,AssistanceService,true,4.0

388,AlarmService1,true,4.0,1.451941434287E12,6.0
388,AssistanceService,true,4.0

389,MedicalService1,false
389,MedicalService1,true,4.0,1.451941435747E12,8.0
389,DrugService,true,5.0,1.451941435891E12,16.0
389,AssistanceService,true,9.0

390,AlarmService1,true,4.0,1.451941436044E12,20.0
390,AssistanceService,true,4.0

391,AlarmService1,true,4.0,1.451941436191E12,24.0
391,AssistanceService,true,4.0

392,AlarmService1,true,4.0,1.451941436404E12,8.0
392,AssistanceService,true,4.0

393,MedicalService1,true,4.0,1.451941436628E12,8.0
393,AlarmService1,true,4.0,1.451941436804E12,8.0
393,AssistanceService,true,8.0

394,MedicalService1,true,4.0,1.451941436998E12,5.0
394,DrugService,true,5.0,1.451941437123E12,39.0
394,AssistanceService,true,9.0

395,MedicalService1,true,4.0,1.451941437363E12,7.0
395,DrugService,true,5.0,1.451941437499E12,4.0
395,AssistanceService,true,9.0

396,MedicalService1,false
396,MedicalService1,true,4.0,1.451941439E12,5.0
396,AlarmService1,true,4.0,1.451941439152E12,7.0
396,AssistanceService,true,8.0

397,AlarmService1,true,4.0,1.451941439341E12,16.0
397,AssistanceService,true,4.0

398,AlarmService1,true,4.0,1.451941439538E12,6.0
398,AssistanceService,true,4.0

399,MedicalService1,true,4.0,1.451941439689E12,10.0
399,AlarmService1,true,4.0,1.451941439872E12,7.0
399,AssistanceService,true,8.0

400,AlarmService1,true,4.0,1.451941440035E12,11.0
400,AssistanceService,true,4.0

401,MedicalService1,true,4.0,1.451941440202E12,5.0
401,DrugService,true,5.0,1.451941440374E12,7.0
401,AssistanceService,true,9.0

402,MedicalService1,true,4.0,1.451941440578E12,6.0
402,DrugService,true,5.0,1.451941440728E12,38.0
402,AssistanceService,true,9.0

403,MedicalService1,true,4.0,1.451941440921E12,27.0
403,DrugService,true,5.0,1.45194144106E12,14.0
403,AssistanceService,true,9.0

404,MedicalService1,true,4.0,1.451941441207E12,9.0
404,DrugService,true,5.0,1.451941441345E12,6.0
404,AssistanceService,true,9.0

405,MedicalService1,true,4.0,1.451941441506E12,38.0
405,DrugService,true,5.0,1.451941441666E12,7.0
405,AssistanceService,true,9.0

406,MedicalService1,true,4.0,1.451941441839E12,33.0
406,AlarmService1,true,4.0,1.451941442042E12,5.0
406,AssistanceService,true,8.0

407,MedicalService1,true,4.0,1.451941442205E12,5.0
407,DrugService,true,5.0,1.45194144243E12,6.0
407,AssistanceService,true,9.0

408,AlarmService1,true,4.0,1.451941442634E12,8.0
408,AssistanceService,true,4.0

409,MedicalService1,true,4.0,1.451941442815E12,11.0
409,DrugService,true,5.0,1.451941443015E12,18.0
409,AssistanceService,true,9.0

410,MedicalService1,true,4.0,1.451941443199E12,6.0
410,DrugService,true,5.0,1.451941443376E12,7.0
410,AssistanceService,true,9.0

411,MedicalService1,true,4.0,1.451941443576E12,30.0
411,DrugService,true,5.0,1.451941443749E12,16.0
411,AssistanceService,true,9.0

412,MedicalService1,true,4.0,1.451941443979E12,25.0
412,DrugService,true,5.0,1.451941444116E12,28.0
412,AssistanceService,true,9.0

413,MedicalService1,true,4.0,1.451941444303E12,7.0
413,AlarmService1,true,4.0,1.451941444501E12,10.0
413,AssistanceService,true,8.0

414,MedicalService1,true,4.0,1.451941444706E12,5.0
414,DrugService,true,5.0,1.451941444956E12,29.0
414,AssistanceService,true,9.0

415,AlarmService1,true,4.0,1.451941445145E12,7.0
415,AssistanceService,true,4.0

416,MedicalService1,true,4.0,1.451941445304E12,6.0
416,DrugService,true,5.0,1.451941445473E12,32.0
416,AssistanceService,true,9.0

417,MedicalService1,true,4.0,1.451941445676E12,13.0
417,DrugService,true,5.0,1.451941445848E12,6.0
417,AssistanceService,true,9.0

418,MedicalService1,false
418,MedicalService1,true,4.0,1.451941447282E12,6.0
418,AlarmService1,true,4.0,1.45194144746E12,6.0
418,AssistanceService,true,8.0

419,AlarmService1,true,4.0,1.451941447602E12,7.0
419,AssistanceService,true,4.0

420,MedicalService1,true,4.0,1.451941447822E12,7.0
420,AlarmService1,true,4.0,1.451941447952E12,5.0
420,AssistanceService,true,8.0

421,MedicalService1,true,4.0,1.451941448107E12,26.0
421,DrugService,true,5.0,1.451941448315E12,7.0
421,AssistanceService,true,9.0

422,MedicalService1,true,4.0,1.451941448563E12,29.0
422,DrugService,true,5.0,1.451941448712E12,12.0
422,AssistanceService,true,9.0

423,MedicalService1,true,4.0,1.451941448935E12,26.0
423,DrugService,true,5.0,1.451941449081E12,4.0
423,AssistanceService,true,9.0

424,AlarmService1,true,4.0,1.451941449328E12,5.0
424,AssistanceService,true,4.0

425,MedicalService1,true,4.0,1.451941449464E12,87.0
425,DrugService,true,5.0,1.451941449675E12,7.0
425,AssistanceService,true,9.0

426,MedicalService1,false
426,MedicalService1,true,4.0,1.451941451145E12,4.0
426,DrugService,true,5.0,1.451941451313E12,6.0
426,AssistanceService,true,9.0

427,MedicalService1,true,4.0,1.451941451506E12,5.0
427,AlarmService1,true,4.0,1.451941451648E12,8.0
427,AssistanceService,true,8.0

428,MedicalService1,true,4.0,1.451941451838E12,6.0
428,AlarmService1,true,4.0,1.451941452002E12,21.0
428,AssistanceService,true,8.0

429,MedicalService1,false
429,MedicalService1,true,4.0,1.45194145343E12,42.0
429,DrugService,true,5.0,1.451941453611E12,42.0
429,AssistanceService,true,9.0

430,AlarmService1,true,4.0,1.451941453803E12,6.0
430,AssistanceService,true,4.0

431,MedicalService1,true,4.0,1.45194145397E12,27.0
431,AlarmService1,true,4.0,1.451941454122E12,7.0
431,AssistanceService,true,8.0

432,AlarmService1,true,4.0,1.451941454353E12,41.0
432,AssistanceService,true,4.0

433,AlarmService1,true,4.0,1.451941454624E12,26.0
433,AssistanceService,true,4.0

434,MedicalService1,true,4.0,1.451941454807E12,5.0
434,DrugService,true,5.0,1.451941454917E12,18.0
434,AssistanceService,true,9.0

435,MedicalService1,true,4.0,1.45194145508E12,5.0
435,AlarmService1,true,4.0,1.451941455205E12,5.0
435,AssistanceService,true,8.0

436,AlarmService1,true,4.0,1.451941455436E12,5.0
436,AssistanceService,true,4.0

437,MedicalService1,true,4.0,1.451941455605E12,6.0
437,DrugService,true,5.0,1.451941455764E12,7.0
437,AssistanceService,true,9.0

438,AlarmService1,true,4.0,1.451941455922E12,5.0
438,AssistanceService,true,4.0

439,MedicalService1,true,4.0,1.45194145611E12,5.0
439,AlarmService1,true,4.0,1.451941456281E12,6.0
439,AssistanceService,true,8.0

440,AlarmService1,true,4.0,1.451941456464E12,7.0
440,AssistanceService,true,4.0

441,MedicalService1,true,4.0,1.451941456609E12,17.0
441,DrugService,true,5.0,1.451941456777E12,4.0
441,AssistanceService,true,9.0

442,MedicalService1,true,4.0,1.451941456915E12,78.0
442,DrugService,true,5.0,1.45194145711E12,7.0
442,AssistanceService,true,9.0

443,MedicalService1,true,4.0,1.451941457382E12,6.0
443,AlarmService1,false
443,AlarmService1,true,4.0,1.451941458769E12,16.0
443,AssistanceService,true,8.0

444,MedicalService1,true,4.0,1.451941458945E12,5.0
444,AlarmService1,true,4.0,1.451941459079E12,8.0
444,AssistanceService,true,8.0

445,MedicalService1,true,4.0,1.451941459347E12,5.0
445,AlarmService1,true,4.0,1.451941459597E12,34.0
445,AssistanceService,true,8.0

446,MedicalService1,true,4.0,1.451941459794E12,8.0
446,DrugService,true,5.0,1.451941459945E12,27.0
446,AssistanceService,true,9.0

447,AlarmService1,true,4.0,1.451941460105E12,7.0
447,AssistanceService,true,4.0

448,MedicalService1,true,4.0,1.451941460367E12,5.0
448,AlarmService1,true,4.0,1.45194146048E12,20.0
448,AssistanceService,true,8.0

449,AlarmService1,true,4.0,1.451941460651E12,16.0
449,AssistanceService,true,4.0

450,MedicalService1,true,4.0,1.451941460884E12,9.0
450,AlarmService1,true,4.0,1.451941461036E12,14.0
450,AssistanceService,true,8.0

451,MedicalService1,true,4.0,1.451941461213E12,6.0
451,DrugService,true,5.0,1.45194146137E12,8.0
451,AssistanceService,true,9.0

452,MedicalService1,true,4.0,1.451941461526E12,6.0
452,AlarmService1,true,4.0,1.451941461692E12,8.0
452,AssistanceService,true,8.0

453,MedicalService1,false
453,MedicalService1,false
453,AssistanceService,false,0.0

454,MedicalService1,true,4.0,1.451941464457E12,5.0
454,AlarmService1,true,4.0,1.451941464649E12,4.0
454,AssistanceService,true,8.0

455,MedicalService1,true,4.0,1.451941464835E12,5.0
455,DrugService,true,5.0,1.451941464974E12,5.0
455,AssistanceService,true,9.0

456,MedicalService1,true,4.0,1.451941465143E12,5.0
456,DrugService,true,5.0,1.451941465318E12,6.0
456,AssistanceService,true,9.0

457,MedicalService1,true,4.0,1.451941465474E12,64.0
457,DrugService,true,5.0,1.45194146575E12,9.0
457,AssistanceService,true,9.0

458,MedicalService1,true,4.0,1.45194146595E12,6.0
458,DrugService,true,5.0,1.451941466092E12,12.0
458,AssistanceService,true,9.0

459,AlarmService1,true,4.0,1.451941466281E12,40.0
459,AssistanceService,true,4.0

460,AlarmService1,true,4.0,1.451941466499E12,10.0
460,AssistanceService,true,4.0

461,MedicalService1,true,4.0,1.451941466802E12,6.0
461,AlarmService1,true,4.0,1.451941467018E12,6.0
461,AssistanceService,true,8.0

462,MedicalService1,true,4.0,1.451941467183E12,6.0
462,DrugService,true,5.0,1.451941467371E12,12.0
462,AssistanceService,true,9.0

463,MedicalService1,true,4.0,1.451941467597E12,28.0
463,AlarmService1,true,4.0,1.451941467772E12,7.0
463,AssistanceService,true,8.0

464,MedicalService1,false
464,MedicalService1,false
464,AssistanceService,false,0.0

465,AlarmService1,true,4.0,1.451941470425E12,33.0
465,AssistanceService,true,4.0

466,AlarmService1,true,4.0,1.451941470679E12,8.0
466,AssistanceService,true,4.0

467,MedicalService1,true,4.0,1.451941470903E12,11.0
467,AlarmService1,true,4.0,1.451941471064E12,14.0
467,AssistanceService,true,8.0

468,MedicalService1,true,4.0,1.451941471349E12,6.0
468,DrugService,true,5.0,1.451941471492E12,26.0
468,AssistanceService,true,9.0

469,MedicalService1,true,4.0,1.451941471689E12,9.0
469,AlarmService1,true,4.0,1.451941471837E12,6.0
469,AssistanceService,true,8.0

470,AlarmService1,true,4.0,1.451941472104E12,8.0
470,AssistanceService,true,4.0

471,MedicalService1,false
471,MedicalService1,true,4.0,1.451941473576E12,29.0
471,DrugService,true,5.0,1.451941473788E12,25.0
471,AssistanceService,true,9.0

472,MedicalService1,true,4.0,1.451941474013E12,41.0
472,DrugService,true,5.0,1.451941474172E12,6.0
472,AssistanceService,true,9.0

473,MedicalService1,true,4.0,1.451941474399E12,5.0
473,DrugService,true,5.0,1.45194147454E12,33.0
473,AssistanceService,true,9.0

474,MedicalService1,false
474,MedicalService1,true,4.0,1.451941476152E12,6.0
474,DrugService,true,5.0,1.451941476301E12,5.0
474,AssistanceService,true,9.0

475,AlarmService1,true,4.0,1.451941476455E12,9.0
475,AssistanceService,true,4.0

476,MedicalService1,true,4.0,1.451941476662E12,27.0
476,DrugService,true,5.0,1.451941476929E12,9.0
476,AssistanceService,true,9.0

477,MedicalService1,true,4.0,1.451941477135E12,5.0
477,AlarmService1,true,4.0,1.451941477356E12,16.0
477,AssistanceService,true,8.0

478,AlarmService1,true,4.0,1.451941477551E12,6.0
478,AssistanceService,true,4.0

479,MedicalService1,false
479,MedicalService1,false
479,AssistanceService,false,0.0

480,AlarmService1,true,4.0,1.451941480128E12,30.0
480,AssistanceService,true,4.0

481,MedicalService1,true,4.0,1.451941480413E12,6.0
481,DrugService,true,5.0,1.451941480631E12,30.0
481,AssistanceService,true,9.0

482,MedicalService1,true,4.0,1.451941480848E12,30.0
482,AlarmService1,true,4.0,1.451941481012E12,7.0
482,AssistanceService,true,8.0

483,AlarmService1,true,4.0,1.451941481185E12,6.0
483,AssistanceService,true,4.0

484,MedicalService1,false
484,MedicalService1,true,4.0,1.451941482559E12,6.0
484,DrugService,true,5.0,1.451941482715E12,43.0
484,AssistanceService,true,9.0

485,MedicalService1,true,4.0,1.451941482918E12,8.0
485,DrugService,true,5.0,1.451941483086E12,4.0
485,AssistanceService,true,9.0

486,MedicalService1,true,4.0,1.451941483297E12,7.0
486,DrugService,true,5.0,1.45194148346E12,6.0
486,AssistanceService,true,9.0

487,AlarmService1,true,4.0,1.451941483614E12,32.0
487,AssistanceService,true,4.0

488,MedicalService1,true,4.0,1.451941483853E12,6.0
488,DrugService,true,5.0,1.451941484017E12,33.0
488,AssistanceService,true,9.0

489,MedicalService1,false
489,MedicalService1,true,4.0,1.451941485522E12,7.0
489,DrugService,true,5.0,1.451941485651E12,8.0
489,AssistanceService,true,9.0

490,MedicalService1,true,4.0,1.451941485831E12,8.0
490,DrugService,true,5.0,1.451941485989E12,5.0
490,AssistanceService,true,9.0

491,MedicalService1,true,4.0,1.451941486145E12,16.0
491,AlarmService1,true,4.0,1.451941486349E12,6.0
491,AssistanceService,true,8.0

492,MedicalService1,true,4.0,1.451941486504E12,5.0
492,DrugService,true,5.0,1.45194148671E12,6.0
492,AssistanceService,true,9.0

493,AlarmService1,true,4.0,1.451941486901E12,10.0
493,AssistanceService,true,4.0

494,MedicalService1,true,4.0,1.451941487075E12,6.0
494,DrugService,true,5.0,1.451941487207E12,7.0
494,AssistanceService,true,9.0

495,MedicalService1,true,4.0,1.451941487434E12,6.0
495,DrugService,true,5.0,1.451941487583E12,37.0
495,AssistanceService,true,9.0

496,MedicalService1,true,4.0,1.451941487829E12,30.0
496,DrugService,true,5.0,1.451941488004E12,6.0
496,AssistanceService,true,9.0

497,MedicalService1,true,4.0,1.451941488182E12,9.0
497,AlarmService1,true,4.0,1.451941488341E12,6.0
497,AssistanceService,true,8.0

498,MedicalService1,true,4.0,1.451941488525E12,4.0
498,AlarmService1,true,4.0,1.451941488707E12,10.0
498,AssistanceService,true,8.0

499,MedicalService1,true,4.0,1.4519414889E12,17.0
499,DrugService,true,5.0,1.451941489027E12,6.0
499,AssistanceService,true,9.0

500,MedicalService1,true,4.0,1.451941489222E12,35.0
500,AlarmService1,false
500,AlarmService1,true,4.0,1.451941490561E12,17.0
500,AssistanceService,true,8.0

