1,MedicalService1,true,4.0,1.451917210511E12,8.0
1,DrugService,true,5.0,1.451917210653E12,8.0
1,AssistanceService,true,9.0

2,AlarmService3,false
2,AlarmService3,true,2.0,1.451917211888E12,6.0
2,AssistanceService,true,2.0

3,MedicalService1,true,4.0,1.451917211986E12,8.0
3,DrugService,true,5.0,1.451917212081E12,9.0
3,AssistanceService,true,9.0

4,AlarmService3,true,2.0,1.451917212175E12,10.0
4,AssistanceService,true,2.0

5,MedicalService1,true,4.0,1.451917212273E12,9.0
5,DrugService,true,5.0,1.451917212367E12,6.0
5,AssistanceService,true,9.0

6,MedicalService1,true,4.0,1.451917212456E12,7.0
6,AlarmService3,true,2.0,1.451917212537E12,10.0
6,AssistanceService,true,6.0

7,MedicalService1,false
7,MedicalService1,true,4.0,1.451917213758E12,6.0
7,AlarmService3,false
7,AlarmService3,false
7,AssistanceService,false,4.0

8,MedicalService1,true,4.0,1.451917216081E12,9.0
8,DrugService,true,5.0,1.451917216163E12,7.0
8,AssistanceService,true,9.0

9,MedicalService1,true,4.0,1.451917216263E12,6.0
9,DrugService,true,5.0,1.451917216353E12,10.0
9,AssistanceService,true,9.0

10,MedicalService1,false
10,MedicalService1,true,4.0,1.451917217578E12,7.0
10,DrugService,true,5.0,1.451917217681E12,6.0
10,AssistanceService,true,9.0

11,MedicalService1,true,4.0,1.451917217764E12,8.0
11,AlarmService3,true,2.0,1.451917217843E12,8.0
11,AssistanceService,true,6.0

12,MedicalService1,true,4.0,1.451917217932E12,7.0
12,AlarmService3,true,2.0,1.451917218028E12,6.0
12,AssistanceService,true,6.0

13,AlarmService3,true,2.0,1.451917218118E12,5.0
13,AssistanceService,true,2.0

14,AlarmService3,false
14,AlarmService3,true,2.0,1.451917219289E12,6.0
14,AssistanceService,true,2.0

15,MedicalService1,true,4.0,1.451917219384E12,6.0
15,DrugService,true,5.0,1.451917219458E12,6.0
15,AssistanceService,true,9.0

16,MedicalService1,true,4.0,1.451917219542E12,6.0
16,DrugService,true,5.0,1.451917219646E12,5.0
16,AssistanceService,true,9.0

17,AlarmService3,true,2.0,1.451917219721E12,5.0
17,AssistanceService,true,2.0

18,MedicalService1,true,4.0,1.451917219797E12,5.0
18,DrugService,true,5.0,1.451917219869E12,8.0
18,AssistanceService,true,9.0

19,AlarmService3,false
19,AlarmService3,true,2.0,1.45191722104E12,5.0
19,AssistanceService,true,2.0

20,AlarmService3,true,2.0,1.451917221134E12,7.0
20,AssistanceService,true,2.0

21,AlarmService3,true,2.0,1.451917221216E12,6.0
21,AssistanceService,true,2.0

22,MedicalService1,true,4.0,1.451917221308E12,5.0
22,AlarmService3,false
22,AlarmService3,true,2.0,1.451917222496E12,6.0
22,AssistanceService,true,6.0

23,MedicalService1,true,4.0,1.451917222583E12,6.0
23,DrugService,true,5.0,1.451917222669E12,6.0
23,AssistanceService,true,9.0

24,AlarmService3,true,2.0,1.451917222747E12,5.0
24,AssistanceService,true,2.0

25,AlarmService3,true,2.0,1.451917222829E12,5.0
25,AssistanceService,true,2.0

26,MedicalService1,true,4.0,1.451917222906E12,5.0
26,DrugService,true,5.0,1.451917222975E12,6.0
26,AssistanceService,true,9.0

27,MedicalService1,false
27,MedicalService1,true,4.0,1.451917224153E12,4.0
27,AlarmService3,true,2.0,1.451917224234E12,6.0
27,AssistanceService,true,6.0

28,MedicalService1,true,4.0,1.451917224312E12,6.0
28,DrugService,true,5.0,1.451917224386E12,5.0
28,AssistanceService,true,9.0

29,MedicalService1,true,4.0,1.451917224462E12,5.0
29,DrugService,true,5.0,1.451917224534E12,5.0
29,AssistanceService,true,9.0

30,MedicalService1,true,4.0,1.451917224627E12,10.0
30,DrugService,true,5.0,1.451917224705E12,5.0
30,AssistanceService,true,9.0

31,MedicalService1,true,4.0,1.45191722478E12,5.0
31,DrugService,true,5.0,1.451917224846E12,8.0
31,AssistanceService,true,9.0

32,MedicalService1,false
32,MedicalService1,true,4.0,1.451917226032E12,6.0
32,AlarmService3,false
32,AlarmService3,true,2.0,1.451917227176E12,5.0
32,AssistanceService,true,6.0

33,AlarmService3,true,2.0,1.45191722725E12,17.0
33,AssistanceService,true,2.0

34,MedicalService1,true,4.0,1.451917227424E12,4.0
34,DrugService,true,5.0,1.451917227489E12,9.0
34,AssistanceService,true,9.0

35,AlarmService3,true,2.0,1.451917227573E12,6.0
35,AssistanceService,true,2.0

36,MedicalService1,true,4.0,1.451917227665E12,5.0
36,AlarmService3,true,2.0,1.451917227732E12,5.0
36,AssistanceService,true,6.0

37,MedicalService1,true,4.0,1.451917227805E12,5.0
37,AlarmService3,true,2.0,1.451917227873E12,6.0
37,AssistanceService,true,6.0

38,MedicalService1,true,4.0,1.45191722795E12,5.0
38,DrugService,true,5.0,1.451917228021E12,6.0
38,AssistanceService,true,9.0

39,MedicalService1,true,4.0,1.451917228099E12,5.0
39,AlarmService3,true,2.0,1.451917228167E12,5.0
39,AssistanceService,true,6.0

40,AlarmService3,true,2.0,1.451917228245E12,5.0
40,AssistanceService,true,2.0

41,MedicalService1,true,4.0,1.45191722832E12,8.0
41,AlarmService3,true,2.0,1.451917228396E12,6.0
41,AssistanceService,true,6.0

42,MedicalService1,false
42,MedicalService1,true,4.0,1.451917229622E12,10.0
42,DrugService,true,5.0,1.451917229703E12,5.0
42,AssistanceService,true,9.0

43,MedicalService1,true,4.0,1.451917229783E12,6.0
43,DrugService,true,5.0,1.451917229851E12,5.0
43,AssistanceService,true,9.0

44,MedicalService1,true,4.0,1.451917229925E12,5.0
44,DrugService,true,5.0,1.451917229995E12,5.0
44,AssistanceService,true,9.0

45,MedicalService1,true,4.0,1.451917230073E12,6.0
45,AlarmService3,true,2.0,1.451917230141E12,5.0
45,AssistanceService,true,6.0

46,MedicalService1,true,4.0,1.451917230213E12,5.0
46,DrugService,true,5.0,1.451917230286E12,5.0
46,AssistanceService,true,9.0

47,MedicalService1,true,4.0,1.451917230363E12,7.0
47,DrugService,true,5.0,1.451917230428E12,5.0
47,AssistanceService,true,9.0

48,MedicalService1,true,4.0,1.451917230507E12,6.0
48,DrugService,true,5.0,1.451917230597E12,13.0
48,AssistanceService,true,9.0

49,AlarmService3,false
49,AlarmService3,true,2.0,1.451917231761E12,5.0
49,AssistanceService,true,2.0

50,MedicalService1,true,4.0,1.451917231843E12,5.0
50,AlarmService3,true,2.0,1.451917231909E12,5.0
50,AssistanceService,true,6.0

51,MedicalService1,true,4.0,1.451917231986E12,6.0
51,AlarmService3,true,2.0,1.451917232053E12,5.0
51,AssistanceService,true,6.0

52,MedicalService1,false
52,MedicalService1,true,4.0,1.451917233301E12,8.0
52,DrugService,true,5.0,1.451917233369E12,6.0
52,AssistanceService,true,9.0

53,MedicalService1,false
53,MedicalService1,true,4.0,1.451917234611E12,7.0
53,DrugService,true,5.0,1.451917234692E12,18.0
53,AssistanceService,true,9.0

54,MedicalService1,true,4.0,1.451917234779E12,5.0
54,DrugService,true,5.0,1.451917234849E12,5.0
54,AssistanceService,true,9.0

55,MedicalService1,true,4.0,1.451917234923E12,6.0
55,AlarmService3,true,2.0,1.451917234991E12,6.0
55,AssistanceService,true,6.0

56,MedicalService1,true,4.0,1.451917235066E12,5.0
56,DrugService,true,5.0,1.451917235131E12,5.0
56,AssistanceService,true,9.0

57,MedicalService1,true,4.0,1.451917235207E12,5.0
57,DrugService,true,5.0,1.451917235276E12,6.0
57,AssistanceService,true,9.0

58,MedicalService1,true,4.0,1.451917235364E12,7.0
58,DrugService,true,5.0,1.45191723544E12,5.0
58,AssistanceService,true,9.0

59,MedicalService1,false
59,MedicalService1,true,4.0,1.451917236629E12,6.0
59,DrugService,true,5.0,1.451917236697E12,6.0
59,AssistanceService,true,9.0

60,MedicalService1,true,4.0,1.451917236787E12,6.0
60,DrugService,true,5.0,1.451917236853E12,5.0
60,AssistanceService,true,9.0

61,AlarmService3,true,2.0,1.451917236926E12,5.0
61,AssistanceService,true,2.0

62,AlarmService3,true,2.0,1.451917237001E12,5.0
62,AssistanceService,true,2.0

63,MedicalService1,true,4.0,1.451917237072E12,6.0
63,AlarmService3,true,2.0,1.45191723714E12,5.0
63,AssistanceService,true,6.0

64,MedicalService1,false
64,MedicalService1,true,4.0,1.4519172383E12,5.0
64,DrugService,true,5.0,1.451917238364E12,5.0
64,AssistanceService,true,9.0

65,MedicalService1,true,4.0,1.451917238455E12,6.0
65,DrugService,true,5.0,1.451917238522E12,5.0
65,AssistanceService,true,9.0

66,MedicalService1,false
66,MedicalService1,true,4.0,1.451917239722E12,4.0
66,AlarmService3,true,2.0,1.451917239785E12,5.0
66,AssistanceService,true,6.0

67,MedicalService1,true,4.0,1.451917239866E12,6.0
67,DrugService,true,5.0,1.451917239933E12,6.0
67,AssistanceService,true,9.0

68,MedicalService1,true,4.0,1.451917240006E12,5.0
68,DrugService,true,5.0,1.451917240071E12,5.0
68,AssistanceService,true,9.0

69,MedicalService1,true,4.0,1.451917240142E12,5.0
69,AlarmService3,true,2.0,1.451917240209E12,5.0
69,AssistanceService,true,6.0

70,AlarmService3,true,2.0,1.45191724028E12,4.0
70,AssistanceService,true,2.0

71,MedicalService1,true,4.0,1.451917240353E12,6.0
71,DrugService,true,5.0,1.451917240421E12,5.0
71,AssistanceService,true,9.0

72,MedicalService1,true,4.0,1.451917240492E12,5.0
72,AlarmService3,true,2.0,1.451917240555E12,5.0
72,AssistanceService,true,6.0

73,MedicalService1,true,4.0,1.45191724065E12,4.0
73,DrugService,true,5.0,1.451917240713E12,5.0
73,AssistanceService,true,9.0

74,MedicalService1,true,4.0,1.451917240783E12,5.0
74,DrugService,true,5.0,1.451917240858E12,5.0
74,AssistanceService,true,9.0

75,MedicalService1,true,4.0,1.451917240935E12,5.0
75,DrugService,true,5.0,1.451917240998E12,5.0
75,AssistanceService,true,9.0

76,MedicalService1,true,4.0,1.451917241069E12,5.0
76,DrugService,true,5.0,1.451917241138E12,4.0
76,AssistanceService,true,9.0

77,AlarmService3,true,2.0,1.451917241211E12,4.0
77,AssistanceService,true,2.0

78,MedicalService1,true,4.0,1.45191724128E12,5.0
78,AlarmService3,true,2.0,1.451917241343E12,5.0
78,AssistanceService,true,6.0

79,MedicalService1,true,4.0,1.45191724142E12,5.0
79,AlarmService3,true,2.0,1.451917241485E12,5.0
79,AssistanceService,true,6.0

80,MedicalService1,true,4.0,1.451917241562E12,5.0
80,AlarmService3,false
80,AlarmService3,true,2.0,1.451917242714E12,5.0
80,AssistanceService,true,6.0

81,MedicalService1,true,4.0,1.451917242787E12,6.0
81,DrugService,true,5.0,1.451917242865E12,6.0
81,AssistanceService,true,9.0

82,MedicalService1,true,4.0,1.451917242936E12,5.0
82,DrugService,true,5.0,1.451917243E12,4.0
82,AssistanceService,true,9.0

83,MedicalService1,true,4.0,1.451917243069E12,6.0
83,DrugService,true,5.0,1.451917243134E12,5.0
83,AssistanceService,true,9.0

84,AlarmService3,true,2.0,1.451917243206E12,5.0
84,AssistanceService,true,2.0

85,AlarmService3,true,2.0,1.451917243276E12,5.0
85,AssistanceService,true,2.0

86,MedicalService1,false
86,MedicalService1,true,4.0,1.45191724447E12,5.0
86,DrugService,true,5.0,1.451917244533E12,5.0
86,AssistanceService,true,9.0

87,MedicalService1,true,4.0,1.451917244621E12,7.0
87,AlarmService3,true,2.0,1.451917244693E12,5.0
87,AssistanceService,true,6.0

88,MedicalService1,true,4.0,1.451917244763E12,5.0
88,AlarmService3,false
88,AlarmService3,true,2.0,1.451917245919E12,5.0
88,AssistanceService,true,6.0

89,MedicalService1,true,4.0,1.451917245991E12,5.0
89,DrugService,true,5.0,1.451917246057E12,4.0
89,AssistanceService,true,9.0

90,MedicalService1,true,4.0,1.451917246132E12,6.0
90,AlarmService3,true,2.0,1.451917246197E12,5.0
90,AssistanceService,true,6.0

91,MedicalService1,true,4.0,1.451917246269E12,6.0
91,AlarmService3,true,2.0,1.451917246337E12,6.0
91,AssistanceService,true,6.0

92,AlarmService3,true,2.0,1.451917246416E12,5.0
92,AssistanceService,true,2.0

93,MedicalService1,true,4.0,1.451917246486E12,5.0
93,AlarmService3,true,2.0,1.451917246553E12,6.0
93,AssistanceService,true,6.0

94,MedicalService1,true,4.0,1.451917246646E12,6.0
94,DrugService,true,5.0,1.451917246715E12,6.0
94,AssistanceService,true,9.0

95,MedicalService1,true,4.0,1.451917246786E12,5.0
95,DrugService,true,5.0,1.451917246851E12,5.0
95,AssistanceService,true,9.0

96,MedicalService1,false
96,MedicalService1,true,4.0,1.451917248058E12,5.0
96,AlarmService3,true,2.0,1.451917248122E12,5.0
96,AssistanceService,true,6.0

97,AlarmService3,true,2.0,1.451917248203E12,5.0
97,AssistanceService,true,2.0

98,AlarmService3,true,2.0,1.451917248281E12,9.0
98,AssistanceService,true,2.0

99,MedicalService1,true,4.0,1.451917248362E12,7.0
99,AlarmService3,true,2.0,1.45191724843E12,5.0
99,AssistanceService,true,6.0

100,MedicalService1,false
100,MedicalService1,true,4.0,1.45191724958E12,6.0
100,DrugService,true,5.0,1.451917249667E12,5.0
100,AssistanceService,true,9.0

101,MedicalService1,true,4.0,1.451917249747E12,5.0
101,DrugService,true,5.0,1.45191724981E12,5.0
101,AssistanceService,true,9.0

102,AlarmService3,false
102,AlarmService3,true,2.0,1.451917251001E12,5.0
102,AssistanceService,true,2.0

103,MedicalService1,true,4.0,1.451917251073E12,5.0
103,AlarmService3,true,2.0,1.451917251137E12,5.0
103,AssistanceService,true,6.0

104,MedicalService1,true,4.0,1.451917251209E12,5.0
104,DrugService,true,5.0,1.451917251271E12,5.0
104,AssistanceService,true,9.0

105,MedicalService1,true,4.0,1.451917251349E12,5.0
105,DrugService,true,5.0,1.451917251418E12,5.0
105,AssistanceService,true,9.0

106,MedicalService1,true,4.0,1.451917251488E12,8.0
106,DrugService,true,5.0,1.451917251557E12,5.0
106,AssistanceService,true,9.0

107,MedicalService1,true,4.0,1.451917251649E12,8.0
107,AlarmService3,true,2.0,1.451917251719E12,5.0
107,AssistanceService,true,6.0

108,MedicalService1,true,4.0,1.451917251788E12,5.0
108,AlarmService3,true,2.0,1.451917251849E12,5.0
108,AssistanceService,true,6.0

109,MedicalService1,true,4.0,1.451917251921E12,5.0
109,DrugService,true,5.0,1.451917251999E12,5.0
109,AssistanceService,true,9.0

110,MedicalService1,true,4.0,1.451917252069E12,5.0
110,AlarmService3,true,2.0,1.451917252135E12,5.0
110,AssistanceService,true,6.0

111,AlarmService3,false
111,AlarmService3,true,2.0,1.451917253329E12,5.0
111,AssistanceService,true,2.0

112,AlarmService3,true,2.0,1.451917253408E12,5.0
112,AssistanceService,true,2.0

113,MedicalService1,true,4.0,1.451917253483E12,6.0
113,DrugService,true,5.0,1.451917253549E12,5.0
113,AssistanceService,true,9.0

114,MedicalService1,true,4.0,1.451917253639E12,7.0
114,DrugService,true,5.0,1.451917253704E12,5.0
114,AssistanceService,true,9.0

115,MedicalService1,false
115,MedicalService1,true,4.0,1.451917254855E12,4.0
115,AlarmService3,true,2.0,1.45191725492E12,6.0
115,AssistanceService,true,6.0

116,MedicalService1,true,4.0,1.451917255E12,16.0
116,DrugService,true,5.0,1.451917255078E12,5.0
116,AssistanceService,true,9.0

117,AlarmService3,true,2.0,1.451917255148E12,5.0
117,AssistanceService,true,2.0

118,AlarmService3,true,2.0,1.451917255221E12,5.0
118,AssistanceService,true,2.0

119,AlarmService3,true,2.0,1.451917255289E12,5.0
119,AssistanceService,true,2.0

120,MedicalService1,true,4.0,1.451917255367E12,5.0
120,DrugService,true,5.0,1.451917255437E12,5.0
120,AssistanceService,true,9.0

121,MedicalService1,true,4.0,1.451917255507E12,7.0
121,DrugService,true,5.0,1.451917255575E12,5.0
121,AssistanceService,true,9.0

122,MedicalService1,true,4.0,1.451917255668E12,5.0
122,AlarmService3,true,2.0,1.451917255732E12,5.0
122,AssistanceService,true,6.0

123,MedicalService1,true,4.0,1.451917255815E12,6.0
123,AlarmService3,true,2.0,1.451917255895E12,5.0
123,AssistanceService,true,6.0

124,MedicalService1,false
124,MedicalService1,true,4.0,1.451917257066E12,6.0
124,AlarmService3,false
124,AlarmService3,true,2.0,1.451917258239E12,6.0
124,AssistanceService,true,6.0

125,MedicalService1,true,4.0,1.451917258321E12,6.0
125,DrugService,true,5.0,1.4519172584E12,5.0
125,AssistanceService,true,9.0

126,MedicalService1,true,4.0,1.451917258477E12,6.0
126,DrugService,true,5.0,1.451917258543E12,7.0
126,AssistanceService,true,9.0

127,AlarmService3,true,2.0,1.451917258634E12,4.0
127,AssistanceService,true,2.0

128,AlarmService3,false
128,AlarmService3,true,2.0,1.451917259794E12,6.0
128,AssistanceService,true,2.0

129,MedicalService1,true,4.0,1.451917259873E12,7.0
129,DrugService,true,5.0,1.451917259952E12,5.0
129,AssistanceService,true,9.0

130,AlarmService3,true,2.0,1.451917260026E12,5.0
130,AssistanceService,true,2.0

131,AlarmService3,true,2.0,1.4519172601E12,17.0
131,AssistanceService,true,2.0

132,MedicalService1,true,4.0,1.451917260189E12,6.0
132,AlarmService3,false
132,AlarmService3,true,2.0,1.451917261346E12,4.0
132,AssistanceService,true,6.0

133,MedicalService1,true,4.0,1.451917261422E12,5.0
133,AlarmService3,false
133,AlarmService3,true,2.0,1.451917262602E12,12.0
133,AssistanceService,true,6.0

134,MedicalService1,true,4.0,1.451917262687E12,5.0
134,AlarmService3,false
134,AlarmService3,true,2.0,1.451917263826E12,5.0
134,AssistanceService,true,6.0

135,MedicalService1,true,4.0,1.451917263903E12,6.0
135,DrugService,true,5.0,1.451917263966E12,5.0
135,AssistanceService,true,9.0

136,AlarmService3,false
136,AlarmService3,true,2.0,1.451917265119E12,5.0
136,AssistanceService,true,2.0

137,MedicalService1,true,4.0,1.451917265195E12,6.0
137,DrugService,true,5.0,1.45191726526E12,5.0
137,AssistanceService,true,9.0

138,MedicalService1,true,4.0,1.451917265333E12,6.0
138,DrugService,true,5.0,1.4519172654E12,5.0
138,AssistanceService,true,9.0

139,MedicalService1,true,4.0,1.45191726547E12,5.0
139,DrugService,true,5.0,1.451917265542E12,5.0
139,AssistanceService,true,9.0

140,MedicalService1,false
140,MedicalService1,true,4.0,1.451917266711E12,5.0
140,DrugService,true,5.0,1.451917266779E12,5.0
140,AssistanceService,true,9.0

141,MedicalService1,true,4.0,1.451917266852E12,5.0
141,DrugService,true,5.0,1.451917266916E12,5.0
141,AssistanceService,true,9.0

142,MedicalService1,true,4.0,1.451917266991E12,5.0
142,DrugService,true,5.0,1.451917267055E12,5.0
142,AssistanceService,true,9.0

143,AlarmService3,true,2.0,1.451917267139E12,5.0
143,AssistanceService,true,2.0

144,MedicalService1,true,4.0,1.45191726722E12,6.0
144,AlarmService3,true,2.0,1.451917267284E12,5.0
144,AssistanceService,true,6.0

145,MedicalService1,true,4.0,1.451917267359E12,5.0
145,AlarmService3,true,2.0,1.45191726743E12,4.0
145,AssistanceService,true,6.0

146,AlarmService3,false
146,AlarmService3,false
146,AssistanceService,false,0.0

147,MedicalService1,true,4.0,1.451917269708E12,5.0
147,AlarmService3,true,2.0,1.451917269773E12,5.0
147,AssistanceService,true,6.0

148,MedicalService1,true,4.0,1.451917269847E12,5.0
148,DrugService,true,5.0,1.451917269916E12,6.0
148,AssistanceService,true,9.0

149,MedicalService1,true,4.0,1.451917269988E12,5.0
149,DrugService,true,5.0,1.451917270052E12,5.0
149,AssistanceService,true,9.0

150,AlarmService3,true,2.0,1.451917270131E12,7.0
150,AssistanceService,true,2.0

151,MedicalService1,true,4.0,1.45191727021E12,6.0
151,AlarmService3,false
151,AlarmService3,true,2.0,1.451917271379E12,5.0
151,AssistanceService,true,6.0

152,MedicalService1,true,4.0,1.451917271452E12,5.0
152,DrugService,true,5.0,1.451917271512E12,6.0
152,AssistanceService,true,9.0

153,MedicalService1,true,4.0,1.451917271588E12,4.0
153,DrugService,true,5.0,1.451917271666E12,6.0
153,AssistanceService,true,9.0

154,MedicalService1,true,4.0,1.45191727174E12,5.0
154,AlarmService3,true,2.0,1.451917271807E12,5.0
154,AssistanceService,true,6.0

155,AlarmService3,true,2.0,1.45191727188E12,8.0
155,AssistanceService,true,2.0

156,MedicalService1,true,4.0,1.451917271954E12,5.0
156,AlarmService3,true,2.0,1.451917272021E12,5.0
156,AssistanceService,true,6.0

157,MedicalService1,true,4.0,1.451917272093E12,6.0
157,DrugService,true,5.0,1.451917272164E12,5.0
157,AssistanceService,true,9.0

158,MedicalService1,true,4.0,1.451917272235E12,7.0
158,AlarmService3,true,2.0,1.451917272302E12,6.0
158,AssistanceService,true,6.0

159,MedicalService1,true,4.0,1.451917272377E12,6.0
159,DrugService,true,5.0,1.451917272442E12,5.0
159,AssistanceService,true,9.0

160,MedicalService1,true,4.0,1.451917272514E12,7.0
160,AlarmService3,true,2.0,1.451917272584E12,7.0
160,AssistanceService,true,6.0

161,MedicalService1,true,4.0,1.451917272677E12,5.0
161,DrugService,true,5.0,1.451917272746E12,8.0
161,AssistanceService,true,9.0

162,MedicalService1,true,4.0,1.451917272816E12,6.0
162,DrugService,true,5.0,1.45191727288E12,5.0
162,AssistanceService,true,9.0

163,MedicalService1,false
163,MedicalService1,true,4.0,1.451917274031E12,5.0
163,DrugService,true,5.0,1.451917274094E12,6.0
163,AssistanceService,true,9.0

164,MedicalService1,true,4.0,1.451917274181E12,6.0
164,DrugService,true,5.0,1.451917274246E12,6.0
164,AssistanceService,true,9.0

165,MedicalService1,true,4.0,1.451917274319E12,5.0
165,AlarmService3,true,2.0,1.451917274387E12,4.0
165,AssistanceService,true,6.0

166,MedicalService1,false
166,MedicalService1,true,4.0,1.45191727555E12,6.0
166,AlarmService3,true,2.0,1.451917275631E12,9.0
166,AssistanceService,true,6.0

167,AlarmService3,true,2.0,1.451917275709E12,5.0
167,AssistanceService,true,2.0

168,MedicalService1,true,4.0,1.451917275785E12,5.0
168,DrugService,true,5.0,1.451917275854E12,5.0
168,AssistanceService,true,9.0

169,MedicalService1,true,4.0,1.451917275923E12,5.0
169,DrugService,true,5.0,1.451917275986E12,6.0
169,AssistanceService,true,9.0

170,MedicalService1,true,4.0,1.451917276059E12,4.0
170,DrugService,true,5.0,1.451917276121E12,6.0
170,AssistanceService,true,9.0

171,MedicalService1,true,4.0,1.451917276207E12,6.0
171,DrugService,true,5.0,1.451917276282E12,4.0
171,AssistanceService,true,9.0

172,AlarmService3,true,2.0,1.451917276352E12,6.0
172,AssistanceService,true,2.0

173,MedicalService1,true,4.0,1.451917276431E12,5.0
173,DrugService,true,5.0,1.451917276492E12,5.0
173,AssistanceService,true,9.0

174,AlarmService3,true,2.0,1.451917276563E12,5.0
174,AssistanceService,true,2.0

175,MedicalService1,true,4.0,1.45191727665E12,6.0
175,DrugService,true,5.0,1.451917276713E12,5.0
175,AssistanceService,true,9.0

176,MedicalService1,false
176,MedicalService1,true,4.0,1.451917277892E12,5.0
176,DrugService,true,5.0,1.451917277955E12,5.0
176,AssistanceService,true,9.0

177,MedicalService1,true,4.0,1.451917278031E12,5.0
177,AlarmService3,true,2.0,1.451917278098E12,5.0
177,AssistanceService,true,6.0

178,MedicalService1,true,4.0,1.451917278169E12,5.0
178,DrugService,true,5.0,1.451917278241E12,5.0
178,AssistanceService,true,9.0

179,AlarmService3,false
179,AlarmService3,false
179,AssistanceService,false,0.0

180,MedicalService1,true,4.0,1.451917280512E12,6.0
180,DrugService,true,5.0,1.451917280575E12,5.0
180,AssistanceService,true,9.0

181,MedicalService1,true,4.0,1.451917280665E12,5.0
181,DrugService,true,5.0,1.451917280733E12,6.0
181,AssistanceService,true,9.0

182,AlarmService3,true,2.0,1.451917280804E12,5.0
182,AssistanceService,true,2.0

183,AlarmService3,false
183,AlarmService3,true,2.0,1.45191728195E12,4.0
183,AssistanceService,true,2.0

184,MedicalService1,true,4.0,1.45191728202E12,4.0
184,DrugService,true,5.0,1.451917282083E12,5.0
184,AssistanceService,true,9.0

185,MedicalService1,false
185,MedicalService1,true,4.0,1.451917283258E12,4.0
185,DrugService,true,5.0,1.451917283318E12,4.0
185,AssistanceService,true,9.0

186,AlarmService3,false
186,AlarmService3,false
186,AssistanceService,false,0.0

187,MedicalService1,true,4.0,1.451917285638E12,7.0
187,AlarmService3,true,2.0,1.451917285704E12,5.0
187,AssistanceService,true,6.0

188,MedicalService1,true,4.0,1.451917285776E12,6.0
188,AlarmService3,true,2.0,1.45191728584E12,4.0
188,AssistanceService,true,6.0

189,MedicalService1,true,4.0,1.451917285914E12,4.0
189,AlarmService3,true,2.0,1.451917285979E12,5.0
189,AssistanceService,true,6.0

190,MedicalService1,true,4.0,1.45191728605E12,5.0
190,DrugService,true,5.0,1.451917286117E12,5.0
190,AssistanceService,true,9.0

191,MedicalService1,true,4.0,1.451917286221E12,4.0
191,AlarmService3,true,2.0,1.451917286285E12,6.0
191,AssistanceService,true,6.0

192,MedicalService1,true,4.0,1.451917286356E12,6.0
192,AlarmService3,true,2.0,1.451917286433E12,5.0
192,AssistanceService,true,6.0

193,MedicalService1,true,4.0,1.45191728651E12,5.0
193,DrugService,true,5.0,1.451917286583E12,6.0
193,AssistanceService,true,9.0

194,MedicalService1,true,4.0,1.451917286671E12,6.0
194,DrugService,true,5.0,1.451917286734E12,5.0
194,AssistanceService,true,9.0

195,AlarmService3,true,2.0,1.451917286802E12,4.0
195,AssistanceService,true,2.0

196,MedicalService1,true,4.0,1.451917286871E12,5.0
196,DrugService,true,5.0,1.451917286936E12,5.0
196,AssistanceService,true,9.0

197,MedicalService1,true,4.0,1.451917287007E12,4.0
197,DrugService,true,5.0,1.451917287072E12,6.0
197,AssistanceService,true,9.0

198,AlarmService3,true,2.0,1.451917287144E12,5.0
198,AssistanceService,true,2.0

199,MedicalService1,false
199,MedicalService1,true,4.0,1.45191728833E12,5.0
199,DrugService,true,5.0,1.451917288396E12,5.0
199,AssistanceService,true,9.0

200,MedicalService1,true,4.0,1.451917288471E12,6.0
200,AlarmService3,true,2.0,1.451917288541E12,6.0
200,AssistanceService,true,6.0

201,MedicalService1,true,4.0,1.451917288629E12,7.0
201,DrugService,true,5.0,1.451917288695E12,5.0
201,AssistanceService,true,9.0

202,MedicalService1,true,4.0,1.45191728877E12,5.0
202,DrugService,true,5.0,1.451917288836E12,5.0
202,AssistanceService,true,9.0

203,MedicalService1,true,4.0,1.451917288906E12,6.0
203,DrugService,true,5.0,1.451917288977E12,5.0
203,AssistanceService,true,9.0

204,MedicalService1,false
204,MedicalService1,true,4.0,1.451917290137E12,5.0
204,DrugService,true,5.0,1.4519172902E12,5.0
204,AssistanceService,true,9.0

205,MedicalService1,true,4.0,1.451917290289E12,5.0
205,DrugService,true,5.0,1.451917290351E12,5.0
205,AssistanceService,true,9.0

206,MedicalService1,true,4.0,1.451917290425E12,6.0
206,AlarmService3,true,2.0,1.451917290492E12,6.0
206,AssistanceService,true,6.0

207,MedicalService1,true,4.0,1.451917290562E12,6.0
207,AlarmService3,true,2.0,1.451917290645E12,5.0
207,AssistanceService,true,6.0

208,AlarmService3,true,2.0,1.45191729072E12,4.0
208,AssistanceService,true,2.0

209,MedicalService1,true,4.0,1.451917290786E12,5.0
209,DrugService,true,5.0,1.451917290851E12,5.0
209,AssistanceService,true,9.0

210,MedicalService1,true,4.0,1.451917290926E12,5.0
210,DrugService,true,5.0,1.451917290992E12,4.0
210,AssistanceService,true,9.0

211,AlarmService3,true,2.0,1.451917291061E12,4.0
211,AssistanceService,true,2.0

212,MedicalService1,true,4.0,1.451917291131E12,5.0
212,AlarmService3,true,2.0,1.451917291199E12,5.0
212,AssistanceService,true,6.0

213,MedicalService1,true,4.0,1.451917291282E12,3.0
213,AlarmService3,true,2.0,1.451917291343E12,6.0
213,AssistanceService,true,6.0

214,MedicalService1,true,4.0,1.451917291427E12,4.0
214,DrugService,true,5.0,1.451917291488E12,7.0
214,AssistanceService,true,9.0

215,MedicalService1,true,4.0,1.451917291563E12,5.0
215,AlarmService3,false
215,AlarmService3,true,2.0,1.45191729272E12,4.0
215,AssistanceService,true,6.0

216,MedicalService1,true,4.0,1.451917292791E12,4.0
216,DrugService,true,5.0,1.451917292854E12,5.0
216,AssistanceService,true,9.0

217,MedicalService1,true,4.0,1.451917292923E12,5.0
217,AlarmService3,true,2.0,1.45191729299E12,6.0
217,AssistanceService,true,6.0

218,MedicalService1,true,4.0,1.451917293062E12,5.0
218,AlarmService3,true,2.0,1.451917293128E12,5.0
218,AssistanceService,true,6.0

219,AlarmService3,true,2.0,1.451917293196E12,5.0
219,AssistanceService,true,2.0

220,MedicalService1,true,4.0,1.451917293277E12,5.0
220,DrugService,true,5.0,1.451917293342E12,5.0
220,AssistanceService,true,9.0

221,AlarmService3,true,2.0,1.451917293419E12,5.0
221,AssistanceService,true,2.0

222,MedicalService1,true,4.0,1.45191729349E12,5.0
222,DrugService,true,5.0,1.451917293561E12,5.0
222,AssistanceService,true,9.0

223,AlarmService3,true,2.0,1.451917293652E12,5.0
223,AssistanceService,true,2.0

224,MedicalService1,true,4.0,1.451917293726E12,4.0
224,AlarmService3,true,2.0,1.451917293787E12,6.0
224,AssistanceService,true,6.0

225,MedicalService1,true,4.0,1.45191729386E12,5.0
225,DrugService,true,5.0,1.451917293924E12,5.0
225,AssistanceService,true,9.0

226,MedicalService1,true,4.0,1.451917293999E12,5.0
226,DrugService,true,5.0,1.451917294062E12,4.0
226,AssistanceService,true,9.0

227,MedicalService1,true,4.0,1.451917294137E12,5.0
227,DrugService,true,5.0,1.451917294203E12,6.0
227,AssistanceService,true,9.0

228,AlarmService3,true,2.0,1.451917294279E12,4.0
228,AssistanceService,true,2.0

229,MedicalService1,true,4.0,1.451917294358E12,5.0
229,DrugService,true,5.0,1.45191729443E12,5.0
229,AssistanceService,true,9.0

230,MedicalService1,false
230,MedicalService1,true,4.0,1.45191729563E12,8.0
230,AlarmService3,true,2.0,1.451917295712E12,5.0
230,AssistanceService,true,6.0

231,MedicalService1,true,4.0,1.451917295786E12,6.0
231,DrugService,true,5.0,1.451917295856E12,5.0
231,AssistanceService,true,9.0

232,MedicalService1,true,4.0,1.451917295929E12,4.0
232,AlarmService3,true,2.0,1.451917295994E12,6.0
232,AssistanceService,true,6.0

233,AlarmService3,false
233,AlarmService3,false
233,AssistanceService,false,0.0

234,MedicalService1,true,4.0,1.451917298277E12,6.0
234,AlarmService3,true,2.0,1.451917298358E12,6.0
234,AssistanceService,true,6.0

235,MedicalService1,true,4.0,1.451917298444E12,6.0
235,DrugService,true,5.0,1.45191729851E12,6.0
235,AssistanceService,true,9.0

236,MedicalService1,true,4.0,1.451917298583E12,7.0
236,AlarmService3,false
236,AlarmService3,true,2.0,1.451917299751E12,5.0
236,AssistanceService,true,6.0

237,AlarmService3,true,2.0,1.451917299825E12,6.0
237,AssistanceService,true,2.0

238,MedicalService1,true,4.0,1.451917299903E12,5.0
238,AlarmService3,true,2.0,1.451917299969E12,5.0
238,AssistanceService,true,6.0

239,AlarmService3,true,2.0,1.451917300041E12,5.0
239,AssistanceService,true,2.0

240,MedicalService1,true,4.0,1.451917300115E12,6.0
240,DrugService,true,5.0,1.451917300186E12,4.0
240,AssistanceService,true,9.0

241,MedicalService1,true,4.0,1.451917300255E12,5.0
241,AlarmService3,false
241,AlarmService3,true,2.0,1.451917301442E12,5.0
241,AssistanceService,true,6.0

242,AlarmService3,true,2.0,1.451917301516E12,5.0
242,AssistanceService,true,2.0

243,MedicalService1,false
243,MedicalService1,true,4.0,1.451917302704E12,6.0
243,AlarmService3,false
243,AlarmService3,true,2.0,1.451917303883E12,5.0
243,AssistanceService,true,6.0

244,AlarmService3,true,2.0,1.451917303958E12,5.0
244,AssistanceService,true,2.0

245,MedicalService1,true,4.0,1.45191730403E12,6.0
245,DrugService,true,5.0,1.4519173041E12,6.0
245,AssistanceService,true,9.0

246,MedicalService1,true,4.0,1.451917304171E12,5.0
246,AlarmService3,true,2.0,1.451917304233E12,7.0
246,AssistanceService,true,6.0

247,AlarmService3,true,2.0,1.4519173043E12,5.0
247,AssistanceService,true,2.0

248,AlarmService3,true,2.0,1.451917304375E12,9.0
248,AssistanceService,true,2.0

249,MedicalService1,true,4.0,1.451917304462E12,4.0
249,AlarmService3,true,2.0,1.451917304524E12,5.0
249,AssistanceService,true,6.0

250,MedicalService1,true,4.0,1.451917304613E12,7.0
250,DrugService,true,5.0,1.451917304685E12,5.0
250,AssistanceService,true,9.0

251,MedicalService1,true,4.0,1.451917304755E12,5.0
251,AlarmService3,true,2.0,1.451917304825E12,5.0
251,AssistanceService,true,6.0

252,MedicalService1,true,4.0,1.451917304897E12,5.0
252,DrugService,true,5.0,1.451917304959E12,4.0
252,AssistanceService,true,9.0

253,MedicalService1,true,4.0,1.451917305033E12,5.0
253,DrugService,true,5.0,1.451917305095E12,5.0
253,AssistanceService,true,9.0

254,MedicalService1,true,4.0,1.451917305167E12,4.0
254,DrugService,true,5.0,1.451917305232E12,6.0
254,AssistanceService,true,9.0

255,AlarmService3,true,2.0,1.451917305306E12,5.0
255,AssistanceService,true,2.0

256,MedicalService1,true,4.0,1.451917305378E12,4.0
256,DrugService,true,5.0,1.451917305454E12,4.0
256,AssistanceService,true,9.0

257,MedicalService1,true,4.0,1.451917305526E12,5.0
257,AlarmService3,false
257,AlarmService3,true,2.0,1.451917306691E12,5.0
257,AssistanceService,true,6.0

258,MedicalService1,false
258,MedicalService1,true,4.0,1.451917307894E12,8.0
258,DrugService,true,5.0,1.451917307963E12,6.0
258,AssistanceService,true,9.0

259,MedicalService1,true,4.0,1.451917308078E12,10.0
259,DrugService,true,5.0,1.451917308168E12,7.0
259,AssistanceService,true,9.0

260,MedicalService1,true,4.0,1.451917308261E12,7.0
260,DrugService,true,5.0,1.451917308344E12,8.0
260,AssistanceService,true,9.0

261,MedicalService1,true,4.0,1.451917308439E12,6.0
261,AlarmService3,true,2.0,1.451917308513E12,8.0
261,AssistanceService,true,6.0

262,MedicalService1,true,4.0,1.451917308626E12,13.0
262,DrugService,true,5.0,1.451917308708E12,6.0
262,AssistanceService,true,9.0

263,AlarmService3,true,2.0,1.451917308789E12,7.0
263,AssistanceService,true,2.0

264,AlarmService3,true,2.0,1.451917308871E12,7.0
264,AssistanceService,true,2.0

265,MedicalService1,true,4.0,1.451917308953E12,6.0
265,DrugService,true,5.0,1.45191730902E12,6.0
265,AssistanceService,true,9.0

266,MedicalService1,false
266,MedicalService1,true,4.0,1.451917310198E12,6.0
266,DrugService,true,5.0,1.451917310265E12,5.0
266,AssistanceService,true,9.0

267,MedicalService1,false
267,MedicalService1,true,4.0,1.45191731143E12,7.0
267,DrugService,true,5.0,1.4519173115E12,5.0
267,AssistanceService,true,9.0

268,MedicalService1,true,4.0,1.451917311574E12,6.0
268,DrugService,true,5.0,1.451917311666E12,16.0
268,AssistanceService,true,9.0

269,MedicalService1,true,4.0,1.451917311756E12,9.0
269,AlarmService3,true,2.0,1.451917311836E12,5.0
269,AssistanceService,true,6.0

270,MedicalService1,true,4.0,1.451917311911E12,7.0
270,DrugService,true,5.0,1.451917311983E12,7.0
270,AssistanceService,true,9.0

271,MedicalService1,false
271,MedicalService1,true,4.0,1.451917313146E12,6.0
271,AlarmService3,false
271,AlarmService3,true,2.0,1.45191731433E12,6.0
271,AssistanceService,true,6.0

272,MedicalService1,true,4.0,1.451917314411E12,8.0
272,AlarmService3,true,2.0,1.451917314483E12,6.0
272,AssistanceService,true,6.0

273,MedicalService1,true,4.0,1.451917314566E12,6.0
273,DrugService,true,5.0,1.451917314653E12,5.0
273,AssistanceService,true,9.0

274,MedicalService1,true,4.0,1.451917314728E12,7.0
274,DrugService,true,5.0,1.45191731481E12,6.0
274,AssistanceService,true,9.0

275,MedicalService1,true,4.0,1.451917314891E12,6.0
275,DrugService,true,5.0,1.451917314958E12,7.0
275,AssistanceService,true,9.0

276,MedicalService1,true,4.0,1.451917315037E12,6.0
276,AlarmService3,false
276,AlarmService3,true,2.0,1.451917316229E12,6.0
276,AssistanceService,true,6.0

277,AlarmService3,true,2.0,1.451917316311E12,7.0
277,AssistanceService,true,2.0

278,MedicalService1,true,4.0,1.45191731639E12,11.0
278,DrugService,true,5.0,1.451917316468E12,7.0
278,AssistanceService,true,9.0

279,MedicalService1,true,4.0,1.451917316547E12,6.0
279,AlarmService3,true,2.0,1.451917316634E12,6.0
279,AssistanceService,true,6.0

280,AlarmService3,true,2.0,1.451917316717E12,5.0
280,AssistanceService,true,2.0

281,MedicalService1,true,4.0,1.45191731679E12,6.0
281,DrugService,true,5.0,1.451917316856E12,5.0
281,AssistanceService,true,9.0

282,MedicalService1,false
282,MedicalService1,true,4.0,1.451917318069E12,7.0
282,DrugService,true,5.0,1.45191731814E12,8.0
282,AssistanceService,true,9.0

283,AlarmService3,true,2.0,1.451917318224E12,6.0
283,AssistanceService,true,2.0

284,AlarmService3,false
284,AlarmService3,true,2.0,1.451917319394E12,6.0
284,AssistanceService,true,2.0

285,MedicalService1,true,4.0,1.451917319471E12,5.0
285,AlarmService3,false
285,AlarmService3,false
285,AssistanceService,false,4.0

286,MedicalService1,true,4.0,1.451917321744E12,6.0
286,DrugService,true,5.0,1.451917321813E12,5.0
286,AssistanceService,true,9.0

287,MedicalService1,true,4.0,1.451917321902E12,8.0
287,DrugService,true,5.0,1.451917321979E12,5.0
287,AssistanceService,true,9.0

288,MedicalService1,true,4.0,1.451917322053E12,5.0
288,DrugService,true,5.0,1.451917322118E12,8.0
288,AssistanceService,true,9.0

289,AlarmService3,true,2.0,1.451917322196E12,5.0
289,AssistanceService,true,2.0

290,AlarmService3,true,2.0,1.451917322269E12,5.0
290,AssistanceService,true,2.0

291,MedicalService1,true,4.0,1.451917322346E12,6.0
291,DrugService,true,5.0,1.451917322424E12,5.0
291,AssistanceService,true,9.0

292,MedicalService1,true,4.0,1.4519173225E12,6.0
292,DrugService,true,5.0,1.451917322569E12,6.0
292,AssistanceService,true,9.0

293,AlarmService3,true,2.0,1.451917322674E12,7.0
293,AssistanceService,true,2.0

294,AlarmService3,true,2.0,1.451917322749E12,5.0
294,AssistanceService,true,2.0

295,AlarmService3,true,2.0,1.451917322821E12,6.0
295,AssistanceService,true,2.0

296,AlarmService3,true,2.0,1.451917322901E12,5.0
296,AssistanceService,true,2.0

297,MedicalService1,false
297,MedicalService1,true,4.0,1.451917324091E12,6.0
297,DrugService,true,5.0,1.451917324163E12,6.0
297,AssistanceService,true,9.0

298,MedicalService1,true,4.0,1.451917324244E12,6.0
298,AlarmService3,true,2.0,1.451917324314E12,7.0
298,AssistanceService,true,6.0

299,MedicalService1,true,4.0,1.451917324389E12,11.0
299,DrugService,true,5.0,1.451917324464E12,7.0
299,AssistanceService,true,9.0

300,MedicalService1,true,4.0,1.451917324543E12,5.0
300,DrugService,true,5.0,1.45191732462E12,11.0
300,AssistanceService,true,9.0

301,MedicalService1,true,4.0,1.451917324704E12,6.0
301,DrugService,true,5.0,1.451917324769E12,6.0
301,AssistanceService,true,9.0

302,AlarmService3,true,2.0,1.451917324843E12,6.0
302,AssistanceService,true,2.0

303,MedicalService1,true,4.0,1.451917324916E12,6.0
303,DrugService,true,5.0,1.451917324991E12,10.0
303,AssistanceService,true,9.0

304,MedicalService1,true,4.0,1.451917325072E12,17.0
304,DrugService,true,5.0,1.451917325152E12,6.0
304,AssistanceService,true,9.0

305,AlarmService3,true,2.0,1.451917325235E12,6.0
305,AssistanceService,true,2.0

306,MedicalService1,true,4.0,1.451917325312E12,5.0
306,DrugService,true,5.0,1.451917325378E12,6.0
306,AssistanceService,true,9.0

307,AlarmService3,false
307,AlarmService3,true,2.0,1.451917326571E12,7.0
307,AssistanceService,true,2.0

308,MedicalService1,true,4.0,1.451917326683E12,6.0
308,AlarmService3,true,2.0,1.451917326751E12,6.0
308,AssistanceService,true,6.0

309,AlarmService3,true,2.0,1.451917326832E12,7.0
309,AssistanceService,true,2.0

310,MedicalService1,true,4.0,1.45191732691E12,6.0
310,DrugService,true,5.0,1.451917326977E12,5.0
310,AssistanceService,true,9.0

311,MedicalService1,true,4.0,1.451917327062E12,5.0
311,DrugService,true,5.0,1.451917327134E12,6.0
311,AssistanceService,true,9.0

312,AlarmService3,false
312,AlarmService3,true,2.0,1.451917328353E12,6.0
312,AssistanceService,true,2.0

313,MedicalService1,true,4.0,1.451917328436E12,7.0
313,AlarmService3,true,2.0,1.451917328508E12,6.0
313,AssistanceService,true,6.0

314,MedicalService1,true,4.0,1.451917328588E12,12.0
314,AlarmService3,true,2.0,1.451917328683E12,6.0
314,AssistanceService,true,6.0

315,MedicalService1,true,4.0,1.451917328763E12,8.0
315,DrugService,true,5.0,1.45191732884E12,6.0
315,AssistanceService,true,9.0

316,AlarmService3,true,2.0,1.451917328919E12,6.0
316,AssistanceService,true,2.0

317,MedicalService1,true,4.0,1.451917329004E12,6.0
317,DrugService,true,5.0,1.451917329074E12,6.0
317,AssistanceService,true,9.0

318,MedicalService1,true,4.0,1.451917329147E12,5.0
318,AlarmService3,true,2.0,1.451917329214E12,6.0
318,AssistanceService,true,6.0

319,MedicalService1,true,4.0,1.451917329292E12,6.0
319,AlarmService3,true,2.0,1.45191732937E12,6.0
319,AssistanceService,true,6.0

320,MedicalService1,true,4.0,1.45191732945E12,6.0
320,DrugService,true,5.0,1.451917329517E12,6.0
320,AssistanceService,true,9.0

321,MedicalService1,true,4.0,1.451917329595E12,14.0
321,DrugService,true,5.0,1.451917329679E12,6.0
321,AssistanceService,true,9.0

322,MedicalService1,true,4.0,1.451917329755E12,5.0
322,DrugService,true,5.0,1.451917329824E12,6.0
322,AssistanceService,true,9.0

323,AlarmService3,true,2.0,1.451917329897E12,6.0
323,AssistanceService,true,2.0

324,AlarmService3,true,2.0,1.451917329974E12,5.0
324,AssistanceService,true,2.0

325,MedicalService1,true,4.0,1.451917330048E12,5.0
325,AlarmService3,true,2.0,1.451917330116E12,5.0
325,AssistanceService,true,6.0

326,MedicalService1,true,4.0,1.451917330195E12,7.0
326,AlarmService3,true,2.0,1.45191733027E12,6.0
326,AssistanceService,true,6.0

327,MedicalService1,true,4.0,1.451917330345E12,6.0
327,DrugService,true,5.0,1.451917330421E12,6.0
327,AssistanceService,true,9.0

328,MedicalService1,true,4.0,1.451917330505E12,6.0
328,DrugService,true,5.0,1.451917330569E12,6.0
328,AssistanceService,true,9.0

329,MedicalService1,true,4.0,1.451917330674E12,5.0
329,AlarmService3,true,2.0,1.451917330741E12,5.0
329,AssistanceService,true,6.0

330,MedicalService1,true,4.0,1.451917330816E12,6.0
330,DrugService,true,5.0,1.451917330885E12,6.0
330,AssistanceService,true,9.0

331,MedicalService1,true,4.0,1.451917330962E12,5.0
331,DrugService,true,5.0,1.45191733103E12,6.0
331,AssistanceService,true,9.0

332,AlarmService3,true,2.0,1.451917331099E12,7.0
332,AssistanceService,true,2.0

333,AlarmService3,true,2.0,1.451917331178E12,5.0
333,AssistanceService,true,2.0

334,MedicalService1,true,4.0,1.451917331249E12,5.0
334,DrugService,true,5.0,1.451917331317E12,5.0
334,AssistanceService,true,9.0

335,MedicalService1,true,4.0,1.451917331391E12,5.0
335,DrugService,true,5.0,1.451917331465E12,5.0
335,AssistanceService,true,9.0

336,MedicalService1,true,4.0,1.451917331555E12,6.0
336,DrugService,true,5.0,1.451917331646E12,6.0
336,AssistanceService,true,9.0

337,MedicalService1,true,4.0,1.451917331726E12,5.0
337,AlarmService3,true,2.0,1.451917331796E12,6.0
337,AssistanceService,true,6.0

338,AlarmService3,true,2.0,1.451917331868E12,6.0
338,AssistanceService,true,2.0

339,MedicalService1,true,4.0,1.451917331942E12,5.0
339,AlarmService3,true,2.0,1.451917332008E12,5.0
339,AssistanceService,true,6.0

340,MedicalService1,true,4.0,1.451917332088E12,6.0
340,DrugService,true,5.0,1.451917332153E12,7.0
340,AssistanceService,true,9.0

341,AlarmService3,true,2.0,1.451917332225E12,6.0
341,AssistanceService,true,2.0

342,MedicalService1,true,4.0,1.451917332301E12,6.0
342,AlarmService3,true,2.0,1.451917332368E12,6.0
342,AssistanceService,true,6.0

343,MedicalService1,true,4.0,1.451917332553E12,18.0
343,AlarmService3,false
343,AlarmService3,false
343,AssistanceService,false,4.0

344,MedicalService1,true,4.0,1.451917334916E12,5.0
344,DrugService,true,5.0,1.451917334984E12,6.0
344,AssistanceService,true,9.0

345,MedicalService1,true,4.0,1.451917335059E12,5.0
345,DrugService,true,5.0,1.451917335129E12,5.0
345,AssistanceService,true,9.0

346,AlarmService3,false
346,AlarmService3,false
346,AssistanceService,false,0.0

347,MedicalService1,false
347,MedicalService1,true,4.0,1.451917338547E12,6.0
347,DrugService,true,5.0,1.451917338638E12,5.0
347,AssistanceService,true,9.0

348,AlarmService3,true,2.0,1.451917338714E12,6.0
348,AssistanceService,true,2.0

349,AlarmService3,true,2.0,1.451917338787E12,18.0
349,AssistanceService,true,2.0

350,MedicalService1,true,4.0,1.451917338875E12,5.0
350,DrugService,true,5.0,1.451917338943E12,7.0
350,AssistanceService,true,9.0

351,MedicalService1,true,4.0,1.451917339023E12,6.0
351,DrugService,true,5.0,1.45191733909E12,5.0
351,AssistanceService,true,9.0

352,MedicalService1,true,4.0,1.45191733917E12,6.0
352,DrugService,true,5.0,1.45191733924E12,5.0
352,AssistanceService,true,9.0

353,MedicalService1,true,4.0,1.451917339312E12,6.0
353,AlarmService3,true,2.0,1.451917339382E12,7.0
353,AssistanceService,true,6.0

354,AlarmService3,true,2.0,1.451917339464E12,6.0
354,AssistanceService,true,2.0

355,AlarmService3,true,2.0,1.451917339537E12,5.0
355,AssistanceService,true,2.0

356,MedicalService1,true,4.0,1.451917339631E12,12.0
356,DrugService,true,5.0,1.451917339706E12,5.0
356,AssistanceService,true,9.0

357,MedicalService1,true,4.0,1.451917339778E12,6.0
357,DrugService,true,5.0,1.45191733985E12,5.0
357,AssistanceService,true,9.0

358,MedicalService1,true,4.0,1.451917339933E12,7.0
358,DrugService,true,5.0,1.45191734E12,7.0
358,AssistanceService,true,9.0

359,AlarmService3,true,2.0,1.451917340076E12,5.0
359,AssistanceService,true,2.0

360,MedicalService1,true,4.0,1.451917340149E12,6.0
360,DrugService,true,5.0,1.451917340215E12,6.0
360,AssistanceService,true,9.0

361,MedicalService1,true,4.0,1.451917340292E12,6.0
361,DrugService,true,5.0,1.451917340369E12,6.0
361,AssistanceService,true,9.0

362,AlarmService3,true,2.0,1.451917340442E12,6.0
362,AssistanceService,true,2.0

363,MedicalService1,true,4.0,1.451917340517E12,7.0
363,AlarmService3,true,2.0,1.451917340615E12,8.0
363,AssistanceService,true,6.0

364,MedicalService1,true,4.0,1.451917340701E12,6.0
364,DrugService,true,5.0,1.45191734077E12,4.0
364,AssistanceService,true,9.0

365,MedicalService1,true,4.0,1.45191734084E12,5.0
365,AlarmService3,true,2.0,1.451917340907E12,6.0
365,AssistanceService,true,6.0

366,MedicalService1,true,4.0,1.451917340993E12,6.0
366,AlarmService3,false
366,AlarmService3,false
366,AssistanceService,false,4.0

367,MedicalService1,true,4.0,1.451917343274E12,8.0
367,DrugService,true,5.0,1.451917343342E12,6.0
367,AssistanceService,true,9.0

368,MedicalService1,true,4.0,1.451917343422E12,6.0
368,AlarmService3,true,2.0,1.451917343489E12,7.0
368,AssistanceService,true,6.0

369,MedicalService1,true,4.0,1.45191734357E12,6.0
369,DrugService,true,5.0,1.451917343653E12,6.0
369,AssistanceService,true,9.0

370,MedicalService1,false
370,MedicalService1,true,4.0,1.451917344838E12,6.0
370,DrugService,true,5.0,1.451917344901E12,5.0
370,AssistanceService,true,9.0

371,MedicalService1,true,4.0,1.451917344977E12,6.0
371,AlarmService3,true,2.0,1.45191734506E12,7.0
371,AssistanceService,true,6.0

372,MedicalService1,true,4.0,1.451917345138E12,6.0
372,DrugService,true,5.0,1.451917345203E12,5.0
372,AssistanceService,true,9.0

373,AlarmService3,true,2.0,1.451917345277E12,5.0
373,AssistanceService,true,2.0

374,MedicalService1,true,4.0,1.451917345351E12,6.0
374,AlarmService3,true,2.0,1.451917345422E12,7.0
374,AssistanceService,true,6.0

375,MedicalService1,true,4.0,1.451917345496E12,7.0
375,DrugService,true,5.0,1.451917345566E12,6.0
375,AssistanceService,true,9.0

376,MedicalService1,true,4.0,1.451917345656E12,7.0
376,AlarmService3,true,2.0,1.451917345731E12,5.0
376,AssistanceService,true,6.0

377,MedicalService1,true,4.0,1.451917345802E12,6.0
377,DrugService,true,5.0,1.451917345867E12,5.0
377,AssistanceService,true,9.0

378,MedicalService1,true,4.0,1.451917345941E12,6.0
378,DrugService,true,5.0,1.451917346003E12,6.0
378,AssistanceService,true,9.0

379,MedicalService1,true,4.0,1.451917346075E12,19.0
379,DrugService,true,5.0,1.451917346155E12,6.0
379,AssistanceService,true,9.0

380,MedicalService1,true,4.0,1.451917346229E12,8.0
380,DrugService,true,5.0,1.451917346297E12,6.0
380,AssistanceService,true,9.0

381,MedicalService1,true,4.0,1.451917346374E12,6.0
381,DrugService,true,5.0,1.451917346445E12,6.0
381,AssistanceService,true,9.0

382,MedicalService1,true,4.0,1.451917346519E12,7.0
382,DrugService,true,5.0,1.451917346587E12,13.0
382,AssistanceService,true,9.0

383,MedicalService1,true,4.0,1.451917346684E12,6.0
383,DrugService,true,5.0,1.451917346749E12,6.0
383,AssistanceService,true,9.0

384,MedicalService1,true,4.0,1.451917346824E12,7.0
384,AlarmService3,true,2.0,1.451917346893E12,6.0
384,AssistanceService,true,6.0

385,MedicalService1,true,4.0,1.451917346966E12,7.0
385,AlarmService3,true,2.0,1.451917347031E12,6.0
385,AssistanceService,true,6.0

386,MedicalService1,true,4.0,1.451917347102E12,5.0
386,AlarmService3,true,2.0,1.451917347179E12,6.0
386,AssistanceService,true,6.0

387,AlarmService3,false
387,AlarmService3,true,2.0,1.451917348332E12,8.0
387,AssistanceService,true,2.0

388,MedicalService1,true,4.0,1.451917348416E12,6.0
388,DrugService,true,5.0,1.451917348485E12,6.0
388,AssistanceService,true,9.0

389,AlarmService3,true,2.0,1.451917348559E12,6.0
389,AssistanceService,true,2.0

390,MedicalService1,true,4.0,1.451917348652E12,6.0
390,DrugService,true,5.0,1.45191734872E12,5.0
390,AssistanceService,true,9.0

391,MedicalService1,true,4.0,1.451917348909E12,5.0
391,AlarmService3,true,2.0,1.451917348976E12,5.0
391,AssistanceService,true,6.0

392,MedicalService1,true,4.0,1.45191734905E12,5.0
392,DrugService,true,5.0,1.451917349115E12,5.0
392,AssistanceService,true,9.0

393,MedicalService1,true,4.0,1.451917349191E12,7.0
393,AlarmService3,true,2.0,1.451917349257E12,6.0
393,AssistanceService,true,6.0

394,MedicalService1,true,4.0,1.451917349346E12,5.0
394,AlarmService3,true,2.0,1.451917349416E12,5.0
394,AssistanceService,true,6.0

395,AlarmService3,false
395,AlarmService3,true,2.0,1.451917350561E12,6.0
395,AssistanceService,true,2.0

396,AlarmService3,true,2.0,1.451917350654E12,6.0
396,AssistanceService,true,2.0

397,MedicalService1,true,4.0,1.451917350724E12,6.0
397,DrugService,true,5.0,1.451917350789E12,6.0
397,AssistanceService,true,9.0

398,MedicalService1,true,4.0,1.451917350861E12,7.0
398,AlarmService3,true,2.0,1.45191735093E12,9.0
398,AssistanceService,true,6.0

399,MedicalService1,true,4.0,1.451917351003E12,5.0
399,DrugService,true,5.0,1.451917351069E12,6.0
399,AssistanceService,true,9.0

400,AlarmService3,false
400,AlarmService3,false
400,AssistanceService,false,0.0

401,MedicalService1,true,4.0,1.451917353344E12,6.0
401,DrugService,true,5.0,1.451917353414E12,5.0
401,AssistanceService,true,9.0

402,MedicalService1,true,4.0,1.451917353485E12,6.0
402,DrugService,true,5.0,1.451917353551E12,6.0
402,AssistanceService,true,9.0

403,MedicalService1,true,4.0,1.451917353651E12,5.0
403,AlarmService3,true,2.0,1.451917353715E12,6.0
403,AssistanceService,true,6.0

404,MedicalService1,true,4.0,1.451917353786E12,6.0
404,DrugService,true,5.0,1.451917353853E12,6.0
404,AssistanceService,true,9.0

405,MedicalService1,true,4.0,1.451917353927E12,6.0
405,DrugService,true,5.0,1.451917353993E12,7.0
405,AssistanceService,true,9.0

406,MedicalService1,true,4.0,1.451917354068E12,6.0
406,AlarmService3,true,2.0,1.451917354136E12,4.0
406,AssistanceService,true,6.0

407,MedicalService1,true,4.0,1.451917354211E12,6.0
407,DrugService,true,5.0,1.451917354276E12,5.0
407,AssistanceService,true,9.0

408,MedicalService1,true,4.0,1.45191735436E12,6.0
408,DrugService,true,5.0,1.451917354432E12,5.0
408,AssistanceService,true,9.0

409,MedicalService1,true,4.0,1.451917354504E12,9.0
409,DrugService,true,5.0,1.451917354579E12,6.0
409,AssistanceService,true,9.0

410,MedicalService1,true,4.0,1.451917354673E12,6.0
410,DrugService,true,5.0,1.451917354738E12,5.0
410,AssistanceService,true,9.0

411,MedicalService1,true,4.0,1.45191735481E12,5.0
411,AlarmService3,true,2.0,1.451917354875E12,8.0
411,AssistanceService,true,6.0

412,MedicalService1,true,4.0,1.451917354949E12,6.0
412,AlarmService3,true,2.0,1.451917355017E12,5.0
412,AssistanceService,true,6.0

413,MedicalService1,true,4.0,1.45191735509E12,6.0
413,DrugService,true,5.0,1.451917355158E12,6.0
413,AssistanceService,true,9.0

414,MedicalService1,true,4.0,1.451917355236E12,6.0
414,DrugService,true,5.0,1.451917355302E12,5.0
414,AssistanceService,true,9.0

415,MedicalService1,true,4.0,1.451917355372E12,6.0
415,DrugService,true,5.0,1.451917355454E12,6.0
415,AssistanceService,true,9.0

416,AlarmService3,true,2.0,1.45191735553E12,6.0
416,AssistanceService,true,2.0

417,AlarmService3,true,2.0,1.451917355624E12,8.0
417,AssistanceService,true,2.0

418,AlarmService3,true,2.0,1.451917355703E12,7.0
418,AssistanceService,true,2.0

419,MedicalService1,false
419,MedicalService1,false
419,AssistanceService,false,0.0

420,MedicalService1,true,4.0,1.451917357966E12,6.0
420,DrugService,true,5.0,1.451917358039E12,7.0
420,AssistanceService,true,9.0

421,AlarmService3,true,2.0,1.451917358113E12,9.0
421,AssistanceService,true,2.0

422,MedicalService1,true,4.0,1.45191735819E12,5.0
422,AlarmService3,true,2.0,1.451917358257E12,6.0
422,AssistanceService,true,6.0

423,MedicalService1,true,4.0,1.451917358326E12,6.0
423,DrugService,true,5.0,1.451917358396E12,15.0
423,AssistanceService,true,9.0

424,MedicalService1,true,4.0,1.451917358478E12,5.0
424,DrugService,true,5.0,1.451917358546E12,7.0
424,AssistanceService,true,9.0

425,MedicalService1,true,4.0,1.451917358644E12,8.0
425,DrugService,true,5.0,1.451917358707E12,5.0
425,AssistanceService,true,9.0

426,AlarmService3,true,2.0,1.451917358779E12,6.0
426,AssistanceService,true,2.0

427,MedicalService1,true,4.0,1.451917358851E12,8.0
427,DrugService,true,5.0,1.45191735892E12,6.0
427,AssistanceService,true,9.0

428,AlarmService3,true,2.0,1.451917358992E12,6.0
428,AssistanceService,true,2.0

429,AlarmService3,true,2.0,1.451917359064E12,7.0
429,AssistanceService,true,2.0

430,MedicalService1,true,4.0,1.451917359138E12,5.0
430,AlarmService3,true,2.0,1.451917359205E12,6.0
430,AssistanceService,true,6.0

431,MedicalService1,true,4.0,1.451917359278E12,6.0
431,DrugService,true,5.0,1.451917359346E12,7.0
431,AssistanceService,true,9.0

432,AlarmService3,true,2.0,1.45191735942E12,11.0
432,AssistanceService,true,2.0

433,MedicalService1,false
433,MedicalService1,true,4.0,1.451917360648E12,6.0
433,AlarmService3,true,2.0,1.45191736071E12,6.0
433,AssistanceService,true,6.0

434,MedicalService1,true,4.0,1.451917360785E12,6.0
434,AlarmService3,true,2.0,1.451917360857E12,5.0
434,AssistanceService,true,6.0

435,AlarmService3,false
435,AlarmService3,false
435,AssistanceService,false,0.0

436,MedicalService1,true,4.0,1.451917363102E12,6.0
436,DrugService,true,5.0,1.451917363168E12,6.0
436,AssistanceService,true,9.0

437,MedicalService1,true,4.0,1.451917363243E12,5.0
437,DrugService,true,5.0,1.451917363306E12,6.0
437,AssistanceService,true,9.0

438,AlarmService3,true,2.0,1.451917363376E12,6.0
438,AssistanceService,true,2.0

439,AlarmService3,true,2.0,1.45191736347E12,9.0
439,AssistanceService,true,2.0

440,MedicalService1,false
440,MedicalService1,true,4.0,1.451917364677E12,6.0
440,AlarmService3,true,2.0,1.451917364743E12,6.0
440,AssistanceService,true,6.0

441,MedicalService1,true,4.0,1.451917364817E12,6.0
441,AlarmService3,true,2.0,1.451917364886E12,6.0
441,AssistanceService,true,6.0

442,MedicalService1,true,4.0,1.451917364958E12,7.0
442,DrugService,true,5.0,1.451917365024E12,5.0
442,AssistanceService,true,9.0

443,AlarmService3,true,2.0,1.451917365097E12,6.0
443,AssistanceService,true,2.0

444,MedicalService1,true,4.0,1.45191736517E12,7.0
444,DrugService,true,5.0,1.451917365237E12,6.0
444,AssistanceService,true,9.0

445,MedicalService1,true,4.0,1.451917365315E12,6.0
445,DrugService,true,5.0,1.451917365384E12,7.0
445,AssistanceService,true,9.0

446,MedicalService1,true,4.0,1.451917365462E12,6.0
446,AlarmService3,true,2.0,1.451917365534E12,7.0
446,AssistanceService,true,6.0

447,MedicalService1,true,4.0,1.451917365627E12,8.0
447,DrugService,true,5.0,1.451917365702E12,6.0
447,AssistanceService,true,9.0

448,MedicalService1,true,4.0,1.451917365771E12,6.0
448,AlarmService3,false
448,AlarmService3,true,2.0,1.451917366929E12,6.0
448,AssistanceService,true,6.0

449,AlarmService3,false
449,AlarmService3,true,2.0,1.451917368095E12,6.0
449,AssistanceService,true,2.0

450,MedicalService1,true,4.0,1.451917368192E12,9.0
450,DrugService,true,5.0,1.451917368272E12,7.0
450,AssistanceService,true,9.0

451,MedicalService1,true,4.0,1.451917368353E12,5.0
451,DrugService,true,5.0,1.451917368421E12,11.0
451,AssistanceService,true,9.0

452,MedicalService1,true,4.0,1.451917368502E12,8.0
452,AlarmService3,true,2.0,1.451917368602E12,11.0
452,AssistanceService,true,6.0

453,MedicalService1,true,4.0,1.451917368714E12,6.0
453,DrugService,true,5.0,1.451917368783E12,8.0
453,AssistanceService,true,9.0

454,AlarmService3,true,2.0,1.45191736887E12,6.0
454,AssistanceService,true,2.0

455,MedicalService1,true,4.0,1.45191736895E12,6.0
455,AlarmService3,true,2.0,1.451917369033E12,6.0
455,AssistanceService,true,6.0

456,AlarmService3,true,2.0,1.451917369143E12,7.0
456,AssistanceService,true,2.0

457,MedicalService1,true,4.0,1.451917369231E12,8.0
457,AlarmService3,true,2.0,1.451917369322E12,6.0
457,AssistanceService,true,6.0

458,AlarmService3,true,2.0,1.451917369391E12,9.0
458,AssistanceService,true,2.0

459,MedicalService1,true,4.0,1.451917369484E12,13.0
459,AlarmService3,true,2.0,1.451917369585E12,7.0
459,AssistanceService,true,6.0

460,MedicalService1,true,4.0,1.451917369694E12,5.0
460,AlarmService3,true,2.0,1.451917369753E12,5.0
460,AssistanceService,true,6.0

461,MedicalService1,false
461,MedicalService1,true,4.0,1.451917370922E12,9.0
461,AlarmService3,false
461,AlarmService3,true,2.0,1.451917372074E12,7.0
461,AssistanceService,true,6.0

462,MedicalService1,true,4.0,1.451917372158E12,6.0
462,AlarmService3,true,2.0,1.451917372231E12,7.0
462,AssistanceService,true,6.0

463,MedicalService1,false
463,MedicalService1,true,4.0,1.451917373428E12,6.0
463,DrugService,true,5.0,1.451917373494E12,6.0
463,AssistanceService,true,9.0

464,MedicalService1,true,4.0,1.451917373569E12,7.0
464,DrugService,true,5.0,1.451917373658E12,5.0
464,AssistanceService,true,9.0

465,MedicalService1,true,4.0,1.451917373729E12,6.0
465,DrugService,true,5.0,1.451917373795E12,6.0
465,AssistanceService,true,9.0

466,MedicalService1,true,4.0,1.451917373884E12,5.0
466,DrugService,true,5.0,1.451917373948E12,6.0
466,AssistanceService,true,9.0

467,MedicalService1,true,4.0,1.451917374021E12,7.0
467,DrugService,true,5.0,1.451917374088E12,6.0
467,AssistanceService,true,9.0

468,MedicalService1,true,4.0,1.451917374161E12,6.0
468,DrugService,true,5.0,1.451917374226E12,8.0
468,AssistanceService,true,9.0

469,MedicalService1,true,4.0,1.451917374303E12,6.0
469,DrugService,true,5.0,1.451917374369E12,7.0
469,AssistanceService,true,9.0

470,AlarmService3,true,2.0,1.451917374453E12,6.0
470,AssistanceService,true,2.0

471,MedicalService1,false
471,MedicalService1,true,4.0,1.451917375615E12,11.0
471,DrugService,true,5.0,1.451917375694E12,7.0
471,AssistanceService,true,9.0

472,MedicalService1,false
472,MedicalService1,false
472,AssistanceService,false,0.0

473,MedicalService1,true,4.0,1.451917377996E12,7.0
473,AlarmService3,false
473,AlarmService3,true,2.0,1.451917379183E12,5.0
473,AssistanceService,true,6.0

474,MedicalService1,true,4.0,1.451917379258E12,7.0
474,DrugService,true,5.0,1.451917379323E12,6.0
474,AssistanceService,true,9.0

475,AlarmService3,true,2.0,1.451917379399E12,6.0
475,AssistanceService,true,2.0

476,AlarmService3,true,2.0,1.451917379475E12,7.0
476,AssistanceService,true,2.0

477,AlarmService3,true,2.0,1.451917379553E12,7.0
477,AssistanceService,true,2.0

478,MedicalService1,true,4.0,1.451917379647E12,9.0
478,AlarmService3,true,2.0,1.451917379716E12,5.0
478,AssistanceService,true,6.0

479,MedicalService1,true,4.0,1.451917379786E12,6.0
479,AlarmService3,true,2.0,1.451917379853E12,6.0
479,AssistanceService,true,6.0

480,AlarmService3,true,2.0,1.451917379938E12,6.0
480,AssistanceService,true,2.0

481,MedicalService1,true,4.0,1.451917380012E12,6.0
481,AlarmService3,true,2.0,1.451917380076E12,6.0
481,AssistanceService,true,6.0

482,MedicalService1,true,4.0,1.451917380152E12,6.0
482,DrugService,true,5.0,1.451917380219E12,6.0
482,AssistanceService,true,9.0

483,MedicalService1,true,4.0,1.451917380294E12,7.0
483,DrugService,true,5.0,1.451917380362E12,6.0
483,AssistanceService,true,9.0

484,MedicalService1,true,4.0,1.451917380438E12,6.0
484,DrugService,true,5.0,1.451917380516E12,8.0
484,AssistanceService,true,9.0

485,MedicalService1,true,4.0,1.451917380609E12,11.0
485,DrugService,true,5.0,1.451917380686E12,6.0
485,AssistanceService,true,9.0

486,MedicalService1,true,4.0,1.451917380758E12,7.0
486,DrugService,true,5.0,1.451917380829E12,6.0
486,AssistanceService,true,9.0

487,MedicalService1,true,4.0,1.451917380903E12,6.0
487,AlarmService3,true,2.0,1.451917380968E12,6.0
487,AssistanceService,true,6.0

488,AlarmService3,false
488,AlarmService3,true,2.0,1.451917382135E12,7.0
488,AssistanceService,true,2.0

489,AlarmService3,true,2.0,1.451917382209E12,6.0
489,AssistanceService,true,2.0

490,AlarmService3,true,2.0,1.451917382287E12,8.0
490,AssistanceService,true,2.0

491,MedicalService1,true,4.0,1.451917382362E12,6.0
491,DrugService,true,5.0,1.451917382426E12,10.0
491,AssistanceService,true,9.0

492,MedicalService1,true,4.0,1.451917382507E12,8.0
492,DrugService,true,5.0,1.451917382575E12,6.0
492,AssistanceService,true,9.0

493,MedicalService1,true,4.0,1.451917382671E12,7.0
493,DrugService,true,5.0,1.451917382738E12,5.0
493,AssistanceService,true,9.0

494,AlarmService3,true,2.0,1.451917382808E12,6.0
494,AssistanceService,true,2.0

495,MedicalService1,true,4.0,1.451917382883E12,6.0
495,DrugService,true,5.0,1.451917382947E12,6.0
495,AssistanceService,true,9.0

496,MedicalService1,true,4.0,1.451917383021E12,17.0
496,DrugService,true,5.0,1.451917383097E12,6.0
496,AssistanceService,true,9.0

497,MedicalService1,true,4.0,1.451917383169E12,6.0
497,DrugService,true,5.0,1.451917383241E12,6.0
497,AssistanceService,true,9.0

498,MedicalService1,false
498,MedicalService1,true,4.0,1.451917384417E12,7.0
498,AlarmService3,true,2.0,1.451917384486E12,7.0
498,AssistanceService,true,6.0

499,MedicalService1,true,4.0,1.451917384564E12,6.0
499,DrugService,true,5.0,1.451917384646E12,6.0
499,AssistanceService,true,9.0

500,MedicalService1,true,4.0,1.451917384721E12,6.0
500,DrugService,true,5.0,1.451917384784E12,6.0
500,AssistanceService,true,9.0

